Player,Age,Team,Pos,G,GS,MP,FG,FGA,FG%,3P,3PA,3P%,2P,2PA,2P%,eFG%,FT,FTA,FT%,ORB,DRB,TRB,AST,STL,BLK,TOV,PF,PTS
Shai Gilgeous-Alexander,26,OKC,PG,55,55,34.1,11.2,21.5,0.522,2.1,5.7,0.36,9.1,15.7,0.581,0.57,7.9,8.8,0.895,0.9,4.2,5.1,6.1,1.9,1.1,2.6,2.2,32.3
Giannis Antetokounmpo,30,MIL,PF,44,44,34.2,12.5,20.4,0.61,0.2,0.8,0.194,12.3,19.6,0.628,0.614,6,10.4,0.577,2.3,9.8,12,5.8,0.8,1.3,3.5,2.5,31
Nikola Jokić,29,DEN,C,51,51,36,11.2,19.5,0.574,2.1,4.6,0.447,9.1,14.8,0.613,0.627,5,6.1,0.821,3,9.6,12.7,10.2,1.8,0.6,3.2,2.2,29.4
Anthony Edwards,23,MIN,SG,56,56,36.8,9.2,21,0.438,4.2,10.3,0.409,5,10.8,0.465,0.537,5.1,6,0.84,0.8,5.1,5.9,4.5,1.2,0.6,3.5,1.9,27.7
Tyrese Maxey,24,PHI,PG,48,48,38,9.5,21.3,0.448,3.3,9.5,0.348,6.2,11.8,0.529,0.526,5,5.7,0.876,0.3,3.2,3.5,6.1,1.8,0.4,2.5,2.3,27.4
Kevin Durant,36,PHX,PF,44,44,36.6,9.8,18.4,0.532,2.3,5.8,0.401,7.5,12.6,0.593,0.596,5,6.1,0.824,0.4,5.6,6,4.2,0.9,1.4,3,1.7,26.9
Jayson Tatum,26,BOS,PF,54,54,36.4,9,20,0.453,3.6,10.1,0.356,5.4,9.9,0.552,0.543,5.1,6.4,0.8,0.6,8.2,8.8,5.7,1.1,0.5,2.8,2.2,26.8
Luka Dončić,25,LAL,PG,26,26,34.5,9.3,20.5,0.454,3.2,9.4,0.343,6.1,11.1,0.549,0.533,4.9,6.4,0.765,0.8,7.4,8.2,7.5,1.9,0.4,3.4,2.7,26.7
LaMelo Ball,23,CHA,PG,35,35,32.4,9.2,22.3,0.414,3.9,11.7,0.336,5.3,10.6,0.5,0.502,4.3,5.2,0.824,0.9,4.2,5.1,7.1,1.3,0.3,3.5,3.2,26.7
Devin Booker,28,PHX,SG,51,51,37.3,8.6,18.9,0.452,2.6,7.7,0.343,5.9,11.3,0.527,0.522,6.4,7.1,0.895,0.9,3.1,4,6.7,1.1,0.3,2.7,2.5,26.1
Jalen Brunson,28,NYK,PG,56,56,35.2,9,18.4,0.491,2.3,5.9,0.395,6.7,12.5,0.536,0.554,5.6,6.8,0.82,0.4,2.4,2.9,7.4,0.9,0.1,2.5,2.2,26
Anthony Davis,31,DAL,PF,43,43,34.2,9.5,18,0.528,0.7,2.2,0.313,8.8,15.8,0.559,0.548,6,7.6,0.786,2.9,9.1,12,3.4,1.3,2.2,2.2,1.9,25.7
Cade Cunningham,23,DET,PG,52,52,35.5,9.6,20.8,0.461,2.3,6.4,0.363,7.3,14.5,0.504,0.516,4.2,4.9,0.85,0.8,5.4,6.3,9.5,1,0.8,4.4,2.6,25.7
Damian Lillard,34,MIL,PG,46,46,36.4,7.8,17.5,0.449,3.5,9.2,0.38,4.4,8.3,0.525,0.549,6.4,7,0.919,0.6,4.2,4.7,7.5,1.2,0.2,2.9,1.8,25.6
Franz Wagner,23,ORL,SF,39,39,33.1,9.1,19.5,0.467,1.9,6.3,0.307,7.2,13.3,0.542,0.516,4.9,5.7,0.852,1,4.7,5.7,4.9,1.4,0.4,2.3,2.5,25.1
Karl-Anthony Towns,29,NYK,C,52,52,35.1,9,16.9,0.532,2.1,4.8,0.432,6.9,12.1,0.571,0.593,4.8,5.7,0.837,3.1,10.4,13.5,3.2,1,0.8,2.6,3.5,24.8
Kyrie Irving,32,DAL,SG,46,46,36.5,9,18.8,0.476,2.9,7.2,0.409,6,11.7,0.518,0.554,3.8,4.2,0.907,1.2,3.6,4.7,4.7,1.3,0.4,2.2,2.1,24.7
LeBron James,40,LAL,SF,51,51,34.6,9.5,18.3,0.518,2.3,5.8,0.395,7.2,12.5,0.574,0.58,3.5,4.5,0.769,0.9,6.9,7.7,8.8,0.9,0.6,3.9,1.4,24.7
Cam Thomas,23,BKN,SG,19,17,32.3,7.9,17.7,0.448,2.8,7.6,0.375,5.1,10.2,0.503,0.528,5.9,6.8,0.876,0.5,3.1,3.6,3.4,0.7,0.1,2.7,1.9,24.7
De'Aaron Fox,27,SAS,PG,53,53,36.7,9,19.2,0.469,2,6.2,0.32,7,13,0.539,0.52,4.5,5.5,0.823,0.9,4,5,6.3,1.5,0.4,2.9,2.7,24.5
Zion Williamson,24,NOP,PF,20,20,28.2,9.4,17,0.552,0.2,0.6,0.25,9.2,16.4,0.563,0.556,5.7,8.8,0.646,2.7,4.8,7.5,4.8,1.4,1,3,2.9,24.5
Victor Wembanyama,21,SAS,C,46,46,33.2,8.9,18.6,0.476,3.1,8.8,0.352,5.8,9.9,0.586,0.559,3.4,4.1,0.836,1.8,9.2,11,3.7,1.1,3.8,3.2,2.3,24.3
Tyler Herro,25,MIA,SG,53,53,35.7,8.4,18,0.466,3.7,9.8,0.378,4.7,8.2,0.57,0.569,3.8,4.4,0.861,0.4,5.2,5.5,5.6,0.8,0.1,2.7,1.3,24.2
Donovan Mitchell,28,CLE,SG,54,54,31.2,8.5,18.6,0.456,3.6,9.2,0.396,4.9,9.5,0.514,0.553,3.6,4.4,0.818,0.7,3.6,4.3,4.8,1.4,0.2,2,2,24.2
Norman Powell,31,LAC,SG,45,45,33.6,8.4,17,0.496,3.4,7.8,0.428,5.1,9.1,0.555,0.595,4,4.9,0.819,0.4,3.2,3.6,2.2,1.3,0.2,2.1,1.9,24.2
Trae Young,26,ATL,PG,53,53,36.3,7.5,18.3,0.409,3,8.9,0.338,4.5,9.3,0.477,0.491,6.3,7.3,0.853,0.5,2.6,3.1,11.4,1.2,0.2,4.9,2.1,24.2
Joel Embiid,30,PHI,C,19,19,30.2,7.4,16.6,0.444,1.2,4.1,0.299,6.2,12.5,0.492,0.481,7.8,8.9,0.882,1.9,6.3,8.2,4.5,0.7,0.9,3.3,2.2,23.8
Stephen Curry,36,GSW,PG,48,48,32.1,7.9,17.9,0.44,4.3,11.1,0.39,3.5,6.8,0.52,0.56,3.4,3.7,0.927,0.5,3.9,4.5,6.1,1,0.5,2.9,1.3,23.5
Zach LaVine,29,SAC,SF,49,49,34.5,8.4,16.8,0.5,3.1,7.3,0.419,5.3,9.5,0.562,0.591,3.6,4.4,0.818,0.3,4.3,4.6,4.5,0.9,0.2,2.9,1.6,23.4
Paolo Banchero,22,ORL,PF,25,25,33.1,7.9,18.8,0.419,1.7,5.6,0.3,6.2,13.2,0.47,0.464,5.4,8.1,0.673,1.1,6,7.1,4.9,0.6,0.8,3,2.2,22.9
Jaylen Brown,28,BOS,SF,48,48,35.1,8.5,18.4,0.462,1.9,6,0.323,6.6,12.4,0.529,0.515,3.9,5.2,0.752,1.5,4.6,6.1,4.8,1.2,0.3,2.6,2.6,22.9
Jaren Jackson Jr.,25,MEM,C,55,55,29.6,8.2,16.7,0.492,1.9,5.2,0.354,6.3,11.4,0.555,0.547,4.5,5.9,0.771,1.4,4.6,6,2.2,1.3,1.7,2.2,3.4,22.8
Brandon Ingram,27,NOP,SF,18,18,33.1,8.6,18.5,0.465,2.4,6.4,0.374,6.2,12.1,0.514,0.53,2.6,3.1,0.855,0.9,4.6,5.6,5.2,0.9,0.6,3.8,2.5,22.2
Trey Murphy III,24,NOP,SF,41,39,35.7,7.4,16.2,0.459,3.2,8.5,0.376,4.2,7.7,0.549,0.557,4.1,4.6,0.889,0.8,4.4,5.2,3.7,1.1,0.7,1.8,2.2,22.2
DeMar DeRozan,35,SAC,SF,51,51,35.9,8.1,16.6,0.491,1,3,0.351,7.1,13.6,0.522,0.522,4.8,5.5,0.869,0.5,3.4,3.9,3.8,1,0.4,1.4,1.9,22.1
CJ McCollum,33,NOP,PG,43,43,33.3,8.3,18.3,0.452,3.1,8.2,0.379,5.2,10.1,0.513,0.537,2.5,3.4,0.721,0.7,3.1,3.8,3.8,0.7,0.5,1.8,2.3,22.1
RJ Barrett,24,TOR,SF,44,44,33.3,8.2,17.3,0.476,1.9,5.3,0.362,6.3,12,0.526,0.531,3.6,5.5,0.65,1,5.5,6.5,5.6,0.9,0.3,2.9,2.5,21.9
James Harden,35,LAC,PG,53,53,34.4,6.4,16,0.396,2.8,8.3,0.342,3.5,7.7,0.455,0.485,6.2,7,0.883,0.6,5.2,5.8,8.6,1.5,0.7,4.5,2.1,21.7
Jalen Green,22,HOU,SG,57,57,33.4,7.6,17.8,0.427,2.9,8.2,0.356,4.7,9.6,0.487,0.509,3.4,4.1,0.829,0.6,3.7,4.3,3.1,0.8,0.3,2.5,1.6,21.5
Darius Garland,25,CLE,PG,54,54,30.1,7.6,15.5,0.493,2.9,6.9,0.425,4.7,8.5,0.549,0.589,3.1,3.6,0.871,0.6,2,2.5,6.7,1.2,0.2,2.5,2,21.3
Jamal Murray,27,DEN,PG,50,50,36,7.9,16.7,0.475,2.3,5.9,0.392,5.6,10.8,0.52,0.544,3.1,3.5,0.87,0.6,3.3,3.9,6.1,1.4,0.6,2.2,1.9,21.2
Brandon Miller,22,CHA,SF,27,27,34.2,7.3,18.2,0.403,3.9,10.9,0.355,3.5,7.3,0.475,0.509,2.5,2.9,0.861,0.9,3.9,4.9,3.6,1.1,0.7,2.8,2.7,21
Jordan Poole,25,WAS,SG,49,49,31.3,6.8,16.4,0.415,3.4,9.4,0.367,3.3,7,0.48,0.52,3.8,4.4,0.87,0.5,2.7,3.2,4.9,1.4,0.5,3.3,3.3,20.9
Jalen Williams,23,OKC,SG,53,53,32.6,8.1,16.9,0.477,1.7,4.9,0.354,6.3,12,0.528,0.528,3,3.9,0.777,0.9,4.6,5.5,5.1,1.8,0.7,2.2,2.4,20.9
Ja Morant,25,MEM,PG,35,35,29.1,7.1,16,0.441,1.5,4.9,0.312,5.5,11.1,0.497,0.488,4.9,6,0.818,0.6,3.5,4.1,7.4,1.2,0.3,3.8,2,20.5
Pascal Siakam,30,IND,PF,55,55,33.1,7.8,15,0.523,1.7,4.2,0.402,6.2,10.8,0.57,0.579,3.1,4,0.77,1.7,5.6,7.3,3.4,0.9,0.5,1.3,2.6,20.5
Domantas Sabonis,28,SAC,C,53,53,36.1,8,13.3,0.6,1.1,2.4,0.452,6.9,10.9,0.633,0.641,3.3,4.4,0.749,4.1,10.5,14.6,6.3,0.6,0.4,3,3.5,20.3
Miles Bridges,26,CHA,PF,41,41,32,7.3,16.8,0.433,2.2,6.9,0.319,5.1,10,0.512,0.499,3.3,3.8,0.872,1.1,6.6,7.7,3.7,0.9,0.6,2,1.6,20.1
Scottie Barnes,23,TOR,PF,44,44,34.7,7.5,16.8,0.447,1.3,4.9,0.27,6.2,11.9,0.52,0.486,3.5,4.6,0.776,1.5,6.4,7.9,6.2,1.4,1.1,3,2,19.9
Lauri Markkanen,27,UTA,PF,43,43,32.1,6.4,15,0.425,2.9,8.4,0.347,3.4,6.5,0.527,0.523,3.6,4.2,0.872,1.7,4.5,6.1,1.6,0.8,0.4,1.4,1.8,19.3
Kristaps Porziņģis,29,BOS,C,31,31,29,6.5,13.7,0.476,2.4,6.1,0.399,4.1,7.6,0.538,0.565,3.7,4.5,0.823,1.6,5.3,6.9,2,0.8,1.6,1.2,2.8,19.2
Austin Reaves,26,LAL,SG,50,50,34.7,6.2,13.9,0.446,2.6,7.1,0.36,3.7,6.8,0.537,0.538,4.2,4.9,0.865,0.8,3.5,4.3,6.1,1.2,0.3,2.5,2,19.2
Cameron Johnson,28,BKN,PF,41,41,31.9,6.4,13.1,0.487,3,7.5,0.406,3.3,5.6,0.596,0.604,3.4,3.8,0.896,0.8,3.3,4.1,2.9,0.8,0.5,1.6,1.8,19.1
Nikola Vučević,34,CHI,C,56,56,32.1,7.8,14.6,0.533,1.8,4.6,0.387,6,10.1,0.599,0.593,1.8,2.1,0.817,2.3,7.9,10.3,3.4,0.9,0.7,1.7,2.4,19.1
Alperen Şengün,22,HOU,C,54,54,31.2,7.5,15.4,0.487,0.3,1.5,0.228,7.2,13.9,0.515,0.498,3.7,5.4,0.692,3.3,7.2,10.5,4.9,1.2,0.7,2.5,2.8,19
Jalen Johnson,23,ATL,SF,36,36,35.7,7.5,15.1,0.5,1.2,3.9,0.312,6.3,11.1,0.566,0.541,2.6,3.5,0.746,1.7,8.3,10,5,1.6,1,2.9,1.9,18.9
Julius Randle,30,MIN,PF,48,48,32.6,6.6,14,0.47,1.5,4.6,0.321,5.1,9.4,0.542,0.522,4.2,5.2,0.811,2.1,5,7.2,4.5,0.7,0.2,2.8,2.5,18.9
Evan Mobley,23,CLE,PF,51,51,30,7.2,12.7,0.569,1.1,2.9,0.365,6.2,9.8,0.63,0.611,3.2,4.2,0.759,2.3,7,9.3,3.1,0.9,1.6,1.9,2,18.7
Michael Porter Jr.,26,DEN,SF,54,54,33.1,7,13.7,0.515,2.6,6.3,0.412,4.4,7.4,0.603,0.61,1.9,2.6,0.75,1.8,4.9,6.6,2.2,0.6,0.5,1.4,1.8,18.6
Anfernee Simons,25,POR,SG,53,53,32.2,6.5,15.4,0.424,3,8.1,0.372,3.5,7.3,0.482,0.522,2.5,2.8,0.89,0.3,2.4,2.7,5,0.8,0.1,2.1,1.8,18.5
John Collins,27,UTA,PF,37,28,30.6,6.7,12.7,0.527,1.4,3.5,0.414,5.3,9.3,0.569,0.583,3.5,4.1,0.855,2.1,5.9,8.1,2.1,1,1.1,2.6,2.9,18.4
De'Andre Hunter,27,CLE,SF,42,5,28.2,5.9,12.8,0.463,2.6,6.5,0.404,3.3,6.3,0.523,0.565,3.8,4.5,0.856,0.7,3.2,3.9,1.5,0.8,0.1,1.5,2.4,18.3
Collin Sexton,26,UTA,SG,46,44,28.5,6.5,13.6,0.478,1.9,4.6,0.412,4.6,9,0.511,0.547,3.5,3.9,0.894,1.1,1.8,2.9,4.1,0.7,0.1,2.5,2.3,18.3
Tyrese Haliburton,24,IND,PG,54,54,33.9,6.3,13.9,0.455,2.9,7.9,0.371,3.4,6,0.565,0.56,2.6,3,0.853,0.6,2.9,3.5,8.6,1.3,0.6,1.8,1.4,18.1
Coby White,24,CHI,SG,50,50,32.7,6.1,14.2,0.429,3,8.1,0.368,3.1,6.1,0.51,0.534,2.9,3.3,0.896,0.3,3,3.3,4.6,0.9,0.2,2.4,2.2,18.1
Desmond Bane,26,MEM,SG,46,45,30.8,6.7,13.8,0.488,2.2,5.8,0.385,4.5,8,0.562,0.569,2.3,2.6,0.86,0.9,4.9,5.8,5.4,1.2,0.4,2.5,2.4,18
Malik Monk,26,SAC,SG,48,35,32.6,6.6,15,0.441,2.2,6.9,0.324,4.4,8.1,0.54,0.515,2.5,2.9,0.877,0.4,3.3,3.8,5.8,1,0.6,2.3,2.7,18
Bradley Beal,31,PHX,SG,40,25,32.8,6.8,13.5,0.506,2,5,0.399,4.9,8.5,0.569,0.58,2.3,2.8,0.813,0.8,2.9,3.6,3.5,1.1,0.6,2,2.7,17.9
Jimmy Butler,35,GSW,SF,31,31,30.8,5.7,10.9,0.524,0.5,1.5,0.304,5.3,9.4,0.558,0.544,5.7,7,0.824,2.4,2.9,5.3,4.9,1.2,0.4,1.2,1,17.6
Jaden Ivey,22,DET,SG,30,30,29.9,6.3,13.8,0.46,2.1,5.1,0.409,4.2,8.6,0.49,0.536,2.8,3.9,0.733,1.3,2.8,4.1,4,0.9,0.4,3,2.2,17.6
Andrew Wiggins,29,MIA,SF,47,47,30.7,6,13.9,0.436,2.1,5.8,0.368,3.9,8.1,0.485,0.513,3.3,4.3,0.776,1.6,3.1,4.7,2.4,1,0.8,1.4,1.7,17.5
Mikal Bridges,28,NYK,SF,57,57,37.9,7.2,14.8,0.489,2.3,6.3,0.357,4.9,8.4,0.588,0.565,0.8,1.1,0.742,0.9,2.2,3.2,3.3,1,0.5,1.5,1.5,17.5
Dejounte Murray,28,NOP,PG,31,31,32.6,6.3,15.9,0.393,1.7,5.6,0.299,4.6,10.3,0.444,0.445,3.3,4,0.823,0.5,5.9,6.5,7.4,2,0.4,3.4,2,17.5
Jordan Clarkson,32,UTA,SG,31,8,26.5,5.8,13.8,0.418,2.5,6.5,0.38,3.3,7.4,0.452,0.507,3.1,3.8,0.805,0.7,2.6,3.3,3.8,0.8,0.3,2,1.6,17.1
Shaedon Sharpe,21,POR,SG,49,31,29.8,6.3,14.2,0.446,2,6.2,0.318,4.4,8.1,0.543,0.514,2.4,3,0.801,0.7,3,3.7,2.5,0.8,0.2,1.9,1.7,17
Bam Adebayo,27,MIA,C,53,53,34.1,6.6,13.8,0.477,0.8,2.6,0.307,5.8,11.2,0.517,0.506,3,4.1,0.733,2.6,7.5,10.1,4.4,1.2,0.8,2.2,2.2,16.9
Kawhi Leonard,33,LAC,SF,16,16,26.4,6.7,14.6,0.459,1.7,4.5,0.375,5,10.1,0.497,0.517,1.8,2.2,0.829,0.6,4,4.6,2.8,1.1,0.4,2.1,1.4,16.9
Keyonte George,21,UTA,PG,46,32,31.5,5.5,13.5,0.404,2.6,7.6,0.348,2.8,6,0.474,0.501,3.3,4.1,0.794,0.4,3.3,3.7,6,0.7,0.2,2.8,1.8,16.8
Jonathan Kuminga,22,GSW,PF,32,10,26,6.1,13.2,0.459,1.3,3.6,0.345,4.8,9.6,0.502,0.506,3.4,5.3,0.639,1.4,3.6,5,2.2,0.9,0.6,1.6,1.9,16.8
Malik Beasley,28,DET,SG,57,12,27.6,5.8,13,0.441,4,9.4,0.423,1.8,3.7,0.488,0.594,1.2,1.7,0.667,0.6,2.3,2.9,1.7,1,0,1.1,1.5,16.6
Bennedict Mathurin,22,IND,SF,53,44,31.2,5.8,12.1,0.477,1.5,4.1,0.353,4.3,8,0.541,0.537,3.4,4.1,0.822,1.2,4.3,5.5,1.9,0.6,0.4,1.8,2.4,16.4
Jalen Suggs,23,ORL,PG,35,35,28.6,5.6,13.7,0.41,2.2,6.9,0.314,3.5,6.8,0.506,0.489,2.8,3.1,0.882,0.7,3.4,4,3.7,1.5,0.9,2.9,2.8,16.2
Derrick White,30,BOS,SG,54,54,33.6,5.5,12.4,0.445,3.4,8.7,0.384,2.2,3.7,0.591,0.581,1.8,2.1,0.842,0.9,3.5,4.4,4.3,0.8,1.1,1.6,1.8,16.2
Paul George,34,PHI,PF,37,37,32.3,5.9,13.8,0.429,2.3,6.5,0.357,3.6,7.3,0.494,0.514,2,2.4,0.82,0.6,4.7,5.2,4.3,1.8,0.5,2.5,2.5,16.1
Immanuel Quickley,25,TOR,PG,18,18,27.7,5.2,12.4,0.422,2.5,6.2,0.402,2.7,6.2,0.441,0.522,3.2,3.6,0.891,0.3,2.7,3.1,5.6,0.6,0.2,1.9,1.7,16.1
OG Anunoby,27,NYK,PF,51,51,36.1,6,12.5,0.478,2.1,5.7,0.364,3.9,6.8,0.573,0.561,1.9,2.4,0.798,1.3,3.3,4.6,2,1.4,0.8,1.3,2.3,16
Kyle Kuzma,29,MIL,PF,39,36,28.9,5.9,14.1,0.42,1.4,5.1,0.284,4.5,9,0.496,0.471,2.1,3.4,0.624,0.8,5.2,6.1,2.5,0.6,0.2,2.3,1.8,15.4
Ivica Zubac,27,LAC,C,54,54,31.9,6.8,11.1,0.614,0,0,,6.8,11.1,0.614,0.614,1.8,2.8,0.647,3.8,8.8,12.5,2.5,0.8,1.1,1.7,2,15.4
Chet Holmgren,22,OKC,C,15,15,26.5,5.3,10.6,0.503,1.4,3.5,0.396,3.9,7.1,0.557,0.569,3.3,4.3,0.754,1.7,6.4,8.1,1.7,0.9,2.9,2.1,2,15.3
Jared McCain,20,PHI,SG,23,8,25.7,5.5,11.9,0.46,2.2,5.8,0.383,3.3,6.1,0.532,0.553,2.1,2.4,0.875,0.6,1.9,2.4,2.6,0.7,0,1.6,1.6,15.3
Devin Vassell,24,SAS,SG,40,29,30.2,5.8,13.6,0.428,2.2,6.3,0.344,3.7,7.4,0.498,0.506,1.5,2,0.772,0.6,2.8,3.4,2.8,1.2,0.5,1.4,1.6,15.3
Myles Turner,28,IND,C,48,48,30.6,5.4,11.4,0.471,2.1,5.3,0.399,3.3,6.1,0.532,0.563,2.3,3,0.76,1.3,5.4,6.6,1.6,0.8,1.9,1.9,2.8,15.2
Mark Williams,23,CHA,C,25,22,25,5.8,10.2,0.575,0,0,0,5.8,10.1,0.577,0.575,3.4,4.4,0.789,3.2,6.2,9.4,2.4,0.7,1.1,1,2.5,15.1
Damion Baugh,24,CHA,SG,2,0,29.5,5.5,7.5,0.733,2,3.5,0.571,3.5,4,0.875,0.867,2,2,1,0,2.5,2.5,4.5,1.5,0,2,3,15
Deni Avdija,24,POR,SF,54,36,28.6,4.9,10.5,0.466,1.5,4.3,0.342,3.4,6.2,0.553,0.536,3.5,4.5,0.771,1.2,5.1,6.2,3.5,1,0.5,2.4,2.4,14.8
Christian Braun,23,DEN,SG,56,54,33,5.8,10.1,0.574,1,2.6,0.367,4.8,7.4,0.647,0.622,2.3,2.8,0.823,1.3,3.7,5,2.2,1.1,0.5,0.9,2.2,14.8
Gradey Dick,21,TOR,SG,50,50,29.5,5,12.2,0.413,2.1,6.1,0.351,2.9,6.1,0.475,0.501,2.6,3,0.866,0.8,2.6,3.5,1.8,0.9,0.2,1.6,2.3,14.8
Josh Hart,29,NYK,SG,54,54,37.8,5.7,10.3,0.556,1.1,3.2,0.337,4.6,7,0.657,0.609,2.3,2.8,0.817,2.2,7.4,9.7,5.8,1.5,0.4,2,2.6,14.8
Naz Reid,25,MIN,C,57,10,27.1,5.5,11.3,0.482,2.2,5.6,0.404,3.2,5.8,0.558,0.581,1.6,1.9,0.811,1.1,4.7,5.8,2.1,0.7,1,1.2,2.4,14.7
Fred VanVleet,30,HOU,PG,45,45,35.5,5,13,0.387,2.7,7.8,0.344,2.4,5.3,0.45,0.489,1.9,2.3,0.824,0.7,3.2,3.9,5.8,1.6,0.4,1.6,2.4,14.6
Kelly Oubre Jr.,29,PHI,SF,53,50,34.8,5.6,12.1,0.463,1.1,4,0.28,4.5,8.1,0.555,0.51,2.2,2.8,0.76,1.6,4.7,6.4,1.8,1.5,0.5,1.3,2.9,14.5
P.J. Washington,26,DAL,PF,45,44,32.5,5.2,11.8,0.442,1.6,4.3,0.385,3.6,7.5,0.475,0.512,2.5,3.3,0.745,1.6,6.5,8.1,2.3,1.2,1,1.9,2.4,14.5
Deandre Ayton,26,POR,C,40,40,30.2,6.6,11.7,0.566,0.2,0.8,0.188,6.5,10.9,0.594,0.573,1,1.5,0.667,3.1,7.1,10.2,1.6,0.8,1,1.7,2.2,14.4
Jerami Grant,30,POR,PF,43,43,32.3,4.6,12.2,0.375,2.2,6.1,0.366,2.3,6.1,0.383,0.467,2.9,3.4,0.845,0.6,2.8,3.4,2.2,0.9,1,1.4,2.4,14.3
Jakob Poeltl,29,TOR,C,45,44,30.9,6.2,10.2,0.61,0,0,0,6.2,10.2,0.613,0.61,1.7,2.6,0.658,3.5,6.6,10.1,2.8,1.2,1.3,1.9,3.3,14.2
Tre Mann,23,CHA,PG,13,0,24.5,5.4,12.4,0.435,1.8,4.6,0.4,3.5,7.8,0.455,0.509,1.5,1.6,0.905,0.9,2,2.9,3,0.5,0.3,1.9,1.8,14.1
Dyson Daniels,21,ATL,SG,52,52,34,5.8,12.3,0.473,1.1,3.3,0.339,4.7,9,0.522,0.519,1.2,2,0.618,1.7,3.9,5.5,4,3,0.8,1.8,2.5,14
Payton Pritchard,27,BOS,PG,56,0,27.8,4.9,10.4,0.468,3.2,7.8,0.412,1.7,2.7,0.629,0.621,0.9,1.1,0.836,1.3,2.5,3.8,3.5,0.8,0.2,1,1.6,13.9
Amen Thompson,22,HOU,SF,54,27,32.1,5.4,9.8,0.548,0.4,1.3,0.271,5,8.5,0.59,0.566,2.8,4,0.71,2.7,5.4,8.1,3.5,1.4,1.3,2.1,2.4,13.9
Dennis Schröder,31,DET,PG,52,41,28.6,4.9,11.8,0.413,1.9,5.4,0.355,3,6.4,0.462,0.494,2.2,2.5,0.855,0.3,2.3,2.6,5.3,1,0.1,2.2,2.5,13.8
Klay Thompson,34,DAL,SF,50,50,27.2,5,11.9,0.415,3.1,7.7,0.395,1.9,4.2,0.452,0.544,0.8,0.9,0.907,0.6,2.9,3.5,2,0.8,0.5,1.4,1.3,13.8
Bobby Portis,29,MIL,PF,46,7,25.2,5.6,12.1,0.463,1.3,3.6,0.364,4.3,8.5,0.505,0.517,1.2,1.5,0.821,1.8,6.5,8.3,2.2,0.7,0.5,1.2,1.9,13.7
Jarrett Allen,26,CLE,C,57,57,28.7,5.6,7.9,0.707,0,0.1,0,5.6,7.8,0.711,0.707,2.4,3.3,0.734,2.7,7.6,10.4,2,0.9,0.9,1.2,1.5,13.6
Tobias Harris,32,DET,PF,55,55,31.9,5.2,11.2,0.465,1.2,3.7,0.325,4,7.5,0.535,0.519,2,2.2,0.878,0.9,5,5.9,2.3,0.9,0.8,1.1,1.9,13.6
Dillon Brooks,29,HOU,SF,54,54,32.2,4.8,11.6,0.414,2.3,6,0.388,2.5,5.6,0.442,0.514,1.4,1.7,0.826,1.2,2.7,3.9,1.6,0.8,0.2,1,3.5,13.4
Rui Hachimura,26,LAL,PF,48,48,32.3,5.1,10,0.508,1.7,4.1,0.415,3.4,6,0.571,0.592,1.5,2,0.771,1.5,3.8,5.3,1.5,0.8,0.5,0.9,1.9,13.4
Russell Westbrook,36,DEN,PG,50,27,27.5,4.9,10.4,0.471,1.2,3.5,0.333,3.7,6.9,0.542,0.528,2,3.1,0.635,1.4,3.7,5,6.3,1.4,0.5,3.1,2.5,13
D'Angelo Russell,28,BKN,PG,46,24,25.5,4.4,11,0.402,2,6,0.327,2.5,5,0.491,0.491,2.1,2.5,0.867,0.3,2.5,2.8,5.1,1,0.4,1.9,1.9,12.9
Moritz Wagner,27,ORL,C,30,1,18.8,4.7,8.3,0.562,0.9,2.5,0.36,3.8,5.8,0.649,0.616,2.6,3.7,0.718,1.3,3.6,4.9,1.4,0.8,0.4,1.6,1.8,12.9
Santi Aldama,24,MEM,PF,49,11,24.8,5,10.2,0.488,1.8,4.8,0.38,3.1,5.4,0.583,0.577,1,1.4,0.7,1.6,5.1,6.7,2.6,0.8,0.6,1,1,12.7
Malcolm Brogdon,32,WAS,PG,24,13,23.5,4.3,10,0.433,0.7,2.3,0.286,3.7,7.7,0.478,0.467,3.4,3.8,0.88,0.9,2.9,3.8,4.1,0.5,0.2,1.6,1.3,12.7
Josh Giddey,22,CHI,PG,53,53,29,4.7,10.5,0.451,1.4,3.9,0.361,3.3,6.5,0.506,0.519,1.8,2.3,0.774,1.7,5.6,7.3,6.4,1.1,0.6,2.7,1.7,12.7
StePHXn Castle,20,SAS,PG,54,29,25.3,4.5,10.9,0.413,1.1,3.8,0.279,3.5,7.2,0.483,0.461,2.5,3.4,0.731,0.8,2.1,2.9,3.4,0.9,0.3,1.9,1.7,12.6
Aaron Gordon,29,DEN,PF,34,25,26.9,4.5,8.7,0.512,1.2,2.8,0.427,3.3,5.9,0.552,0.581,2.5,3.1,0.794,1.6,3.3,4.9,3.2,0.4,0.2,1.2,1.5,12.6
Khris Middleton,33,WAS,SF,24,8,23.3,4.7,9.2,0.507,1.5,3.8,0.4,3.2,5.5,0.58,0.588,1.8,2,0.857,0.2,3.5,3.8,4.3,0.8,0.2,1.6,2.3,12.6
Brook Lopez,36,MIL,C,55,55,31.7,4.7,9.7,0.481,1.9,5.1,0.373,2.8,4.6,0.601,0.579,1.3,1.6,0.826,1.3,3.6,4.8,1.7,0.7,2,1,2.1,12.5
Scoot Henderson,20,POR,PG,49,9,26.4,4.2,9.8,0.432,1.5,4.1,0.366,2.7,5.7,0.48,0.509,2.4,3.1,0.784,0.7,2.2,2.9,5.2,1.1,0.2,2.6,2.7,12.4
Bilal Coulibaly,20,WAS,SF,52,52,33.4,4.4,10.6,0.416,1.1,3.9,0.274,3.3,6.7,0.497,0.466,2.4,3.2,0.758,1.5,3.5,5,3.6,1.3,0.7,2.1,2.4,12.3
Ayo Dosunmu,25,CHI,SG,45,26,30.5,4.8,9.8,0.491,1.4,4.2,0.332,3.4,5.6,0.609,0.561,1.4,1.7,0.792,0.6,2.9,3.5,4.6,0.9,0.4,1.5,2.3,12.3
Daniel Gafford,26,DAL,C,51,28,21.9,5,7.1,0.699,0,0,,5,7.1,0.699,0.699,2.4,3.4,0.699,2.7,4.1,6.9,1.4,0.4,1.9,1.2,2.7,12.3
Onyeka Okongwu,24,ATL,C,50,16,25.7,4.8,8.5,0.57,0.4,1.6,0.263,4.4,6.9,0.641,0.595,2.1,2.9,0.733,2.8,5.2,8,2.2,0.8,0.9,1,2.4,12.2
Keldon Johnson,25,SAS,SF,52,0,23.3,4.5,9.5,0.472,1.1,3.5,0.317,3.4,6,0.562,0.53,1.9,2.5,0.762,1.3,3.1,4.4,1.5,0.6,0.2,0.9,1.5,12
Keegan Murray,24,SAC,PF,53,53,35,4.7,10.7,0.436,1.8,5.6,0.327,2.8,5.1,0.558,0.522,0.9,1.1,0.821,2.1,4.9,7,1.5,0.8,0.9,0.9,2.6,12
Daeqwon Plowden,26,ATL,SG,2,0,16.5,4,5,0.8,3,4,0.75,1,1,1,1.1,1,1,1,1.5,1,2.5,0,0,0,0.5,2.5,12
Terry Rozier,30,MIA,PG,49,21,27.9,4.4,10.9,0.404,1.6,5.1,0.306,2.8,5.8,0.493,0.477,1.6,1.9,0.859,0.8,3.3,4,2.8,0.6,0.3,1.3,1.3,12
Corey Kispert,25,WAS,SF,51,0,26.8,4.3,9.5,0.454,2,5.5,0.364,2.3,4,0.578,0.56,1.1,1.3,0.862,0.6,2.4,3,1.6,0.5,0.2,1.1,1.6,11.8
Ty Jerome,27,CLE,SG,53,2,19.2,4.3,8.2,0.521,1.5,3.5,0.437,2.8,4.7,0.582,0.613,1.6,1.9,0.879,0.8,1.7,2.5,3.4,1.2,0,1.2,1.5,11.7
Jaden McDaniels,24,MIN,PF,58,58,32.1,4.6,9.8,0.465,1.3,3.9,0.327,3.3,5.9,0.555,0.53,1.3,1.6,0.817,1.6,4.1,5.7,1.8,1.4,0.9,1.2,2.9,11.7
Alex Sarr,19,WAS,C,43,43,26.9,4.4,11.2,0.394,1.5,4.8,0.312,2.9,6.4,0.455,0.46,1.4,2.2,0.621,1.8,4.9,6.6,2.2,0.7,1.6,1.4,2.4,11.7
Jabari Smith Jr.,21,HOU,PF,35,34,31.1,4.1,9.4,0.43,1.7,4.8,0.361,2.3,4.6,0.503,0.523,1.9,2.2,0.857,1.7,4.8,6.5,1,0.3,0.9,1,2.4,11.7
Harrison Barnes,32,SAS,PF,55,55,27.8,4,8.1,0.491,1.6,3.9,0.41,2.4,4.2,0.568,0.591,2,2.5,0.799,1.4,2.7,4.1,1.8,0.4,0.2,0.6,0.9,11.6
Zaccharie Risacher,19,ATL,SF,50,48,23.9,4.3,10,0.429,1.4,4.2,0.333,2.9,5.8,0.498,0.499,1.6,2.2,0.725,1.3,2.3,3.6,1.3,0.8,0.5,1,1.9,11.6
Tari Eason,23,HOU,PF,37,5,24.2,4.5,9.3,0.484,1,2.9,0.346,3.5,6.4,0.547,0.538,1.5,2.1,0.75,2.2,4.1,6.2,1.2,1.9,0.9,0.9,2.5,11.5
Buddy Hield,32,GSW,SG,57,22,23.5,4.2,10.1,0.412,2.5,6.9,0.368,1.6,3.2,0.508,0.538,0.7,0.8,0.826,0.5,2.8,3.3,1.6,0.9,0.3,1.2,1.8,11.5
Jeremy Sochan,21,SAS,PF,36,19,26.1,4.6,8.5,0.541,0.5,1.6,0.339,4.1,7,0.586,0.572,1.6,2.3,0.699,2.4,4.6,7,2.6,0.9,0.5,1.6,2.4,11.4
Naji Marshall,27,DAL,SF,45,14,24.8,4.4,8.7,0.509,0.9,2.9,0.313,3.5,5.8,0.607,0.561,1.5,1.7,0.846,1,3,4,2.5,0.9,0.1,1.4,1.5,11.3
Jaylen Wells,21,MEM,SG,57,52,25.6,4,8.9,0.448,1.8,4.9,0.374,2.1,4,0.54,0.551,1.5,1.8,0.824,1.1,2.1,3.2,1.6,0.6,0.1,0.9,1.9,11.3
Walker Kessler,23,UTA,C,44,44,30.5,4.8,6.7,0.72,0,0.1,0.333,4.8,6.6,0.728,0.723,1.4,2.7,0.538,4.6,7.5,12.1,1.6,0.6,2.4,1.5,2.3,11.2
Isaiah Hartenstein,26,OKC,C,36,35,28.8,4.8,8.6,0.565,0,0.4,0,4.8,8.2,0.59,0.565,1.4,2.2,0.646,3.2,8.7,11.9,4,0.8,1.1,1.8,2.9,11.1
Jonas Valančiūnas,32,SAC,C,55,12,19.4,4.5,8.2,0.545,0.1,0.5,0.259,4.3,7.7,0.564,0.553,1.9,2.2,0.875,2.4,5.4,7.8,2.1,0.4,0.6,1.7,2.1,11
Donte DiVincenzo,28,MIN,SG,40,8,26.4,3.7,9.3,0.397,2.6,7,0.369,1.1,2.4,0.479,0.535,1,1.3,0.82,0.6,3.1,3.7,3.6,1.2,0.2,1.8,1.6,11
Jalen Duren,21,DET,C,54,54,25.7,4.6,6.6,0.7,0,0,,4.6,6.6,0.7,0.7,1.8,2.6,0.686,3.6,6.6,10.2,2.6,0.7,1.1,1.8,3.1,11
Rudy Gobert,32,MIN,C,55,55,33.3,4.3,6.5,0.653,0,0,,4.3,6.5,0.653,0.653,2.4,3.6,0.68,3.5,6.9,10.4,1.8,0.7,1.5,1.4,2.4,11
Jrue Holiday,34,BOS,PG,46,46,30,4,9.1,0.444,1.8,5,0.349,2.3,4,0.562,0.541,1.2,1.3,0.9,1.1,3.2,4.3,3.6,1,0.4,1.3,1.6,11
Aaron Wiggins,26,OKC,SG,56,19,22,4.3,8.6,0.499,1.6,4,0.394,2.7,4.5,0.593,0.592,0.9,1,0.857,1.1,2.6,3.6,1.6,0.8,0.3,0.9,1.3,11
Quentin Grimes,24,PHI,SG,53,15,24,3.8,8.3,0.465,1.8,4.5,0.389,2.1,3.8,0.555,0.571,1.4,1.8,0.763,0.8,3.4,4.1,2.3,0.7,0.2,1.3,1.7,10.8
Grayson Allen,29,PHX,SG,46,3,25.1,3.5,7.8,0.446,2.5,5.7,0.428,1,2.1,0.495,0.603,1.4,1.7,0.831,0.6,2.7,3.3,2.1,0.9,0.3,1.1,1.5,10.8
GuersCHAn Yabusele,29,PHI,C,53,27,26.5,4,7.8,0.511,1.5,3.8,0.398,2.5,4,0.618,0.608,1.3,1.8,0.747,1.9,3.7,5.6,1.9,0.8,0.4,1.3,2.5,10.8
Brandon Boston Jr.,23,NOP,SG,42,10,23.6,4,9.1,0.436,1.2,3.3,0.35,2.8,5.7,0.485,0.5,1.6,2,0.788,0.7,2.5,3.2,2.2,1.3,0.2,1.2,1.7,10.7
Nikola Jović,21,MIA,PF,46,10,25.1,3.7,8.2,0.456,1.7,4.6,0.371,2,3.6,0.563,0.56,1.6,1.9,0.828,0.6,3.3,3.9,2.8,0.8,0.3,1.3,1.8,10.7
Caris LeVert,30,ATL,SG,43,3,24.1,3.7,8.2,0.456,1.6,4,0.394,2.2,4.2,0.514,0.551,1.6,2.3,0.687,0.6,2.5,3.1,3.5,0.8,0.5,1.2,1.5,10.6
Tim Hardaway Jr.,32,DET,SG,53,53,28.3,3.5,8.5,0.41,2.2,5.7,0.382,1.3,2.7,0.469,0.539,1.5,1.8,0.825,0.2,2.1,2.3,1.6,0.5,0.1,0.7,1.3,10.6
Tyus Jones,28,PHX,PG,56,54,29.1,3.9,8.9,0.443,2,5,0.396,2,3.9,0.502,0.553,0.8,0.9,0.878,0.6,1.9,2.5,5.9,0.9,0.1,1.4,1,10.6
Duncan Robinson,30,MIA,SF,52,30,24.1,3.8,8.9,0.422,2.4,6.4,0.377,1.3,2.5,0.539,0.558,0.7,0.8,0.9,0.3,2.1,2.3,2.6,0.5,0.1,1.1,2,10.6
Toumani Camara,24,POR,PF,55,55,32.3,3.9,8.5,0.458,1.5,4.1,0.372,2.4,4.4,0.539,0.548,1.1,1.5,0.759,2.3,3.7,6,2.1,1.5,0.7,1.5,3,10.5
Jordan Hawkins,22,NOP,SG,39,5,22.9,3.5,9.7,0.361,1.9,5.6,0.333,1.6,4.1,0.398,0.457,1.6,1.8,0.847,0.4,2.1,2.5,1.1,0.6,0.4,0.8,0.7,10.5
Andrew Nembhard,25,IND,SG,39,39,28.4,3.9,8.4,0.466,0.7,2.4,0.312,3.2,6,0.528,0.511,1.9,2.5,0.792,0.5,2.8,3.3,4.8,1.3,0.1,1.7,2.4,10.5
Amir Coffey,27,LAC,SG,54,13,25.9,3.6,7.5,0.474,1.6,3.7,0.422,2,3.9,0.524,0.577,1.7,1.9,0.904,0.5,1.9,2.4,1.1,0.5,0.1,0.7,1.8,10.4
Obi Toppin,26,IND,PF,52,0,19.5,4,7.4,0.539,1.3,3.6,0.351,2.7,3.8,0.714,0.624,1.2,1.5,0.789,0.8,3.4,4.2,1.6,0.6,0.3,0.8,1.4,10.4
Gary Trent Jr.,26,MIL,SG,51,7,25.1,3.6,8.3,0.435,2.3,5.4,0.42,1.4,2.9,0.463,0.572,0.8,1,0.84,0.2,2.2,2.4,1.2,1,0.1,0.6,1.9,10.4
Grant Williams,26,CHA,PF,16,7,29.9,3.4,7.7,0.439,1.7,4.6,0.365,1.7,3.1,0.551,0.549,1.9,2.3,0.838,1.1,4,5.1,2.3,1.1,0.8,1.8,2.9,10.4
Chris Boucher,32,TOR,PF,48,0,17.3,3.7,7.5,0.493,1.5,3.9,0.37,2.3,3.6,0.628,0.59,1.4,1.8,0.782,1.4,3.1,4.5,0.7,0.5,0.5,0.6,1.4,10.3
Herbert Jones,26,NOP,SF,20,20,32.4,3.8,8.6,0.436,1.1,3.6,0.306,2.7,5,0.53,0.5,1.7,2,0.825,1.1,2.8,3.9,3.3,1.9,0.5,1.8,3.3,10.3
De'Anthony Melton,26,GSW,SG,6,2,20.2,3.7,9,0.407,2.2,5.8,0.371,1.5,3.2,0.474,0.528,0.8,1.3,0.625,1,2.3,3.3,2.8,1.2,0.3,1.7,3,10.3
Ochai Agbaji,24,TOR,SG,51,37,27.5,4.1,8,0.505,1.5,3.8,0.39,2.6,4.2,0.609,0.598,0.5,0.8,0.667,0.9,2.8,3.7,1.6,0.8,0.5,0.8,1.9,10.2
Nic Claxton,25,BKN,C,49,41,26.8,4.5,8.2,0.545,0,0.3,0.071,4.4,7.9,0.562,0.546,1.2,2.3,0.522,2.2,5.3,7.6,2,0.9,1.5,1.3,2,10.2
Spencer Dinwiddie,31,DAL,PG,56,19,25.1,3.3,7.8,0.415,1.4,3.9,0.344,1.9,3.9,0.486,0.501,2.3,2.8,0.838,0.2,2.2,2.4,3.7,0.8,0.2,1.2,1.5,10.2
Derrick Jones Jr.,27,LAC,SF,54,49,24.9,4.1,8,0.514,1,2.8,0.353,3.1,5.2,0.599,0.575,1,1.3,0.75,1.3,2.2,3.5,0.8,1.1,0.4,0.9,2.1,10.2
Dante Exum,29,DAL,PG,9,7,19.9,3.8,7.3,0.515,1.1,2.6,0.435,2.7,4.8,0.558,0.591,1.4,2.3,0.619,0.2,1.3,1.6,3.9,0.7,0.2,1.1,1.4,10.1
Brandin Podziemski,21,GSW,SG,44,13,25.5,3.8,8.8,0.432,1.4,4.2,0.323,2.5,4.6,0.532,0.509,1.1,1.5,0.742,1,3.8,4.8,3.5,1.1,0.2,1.1,1.5,10.1
Jose Alvarado,26,NOP,PG,33,11,23.6,3.4,8.3,0.414,2.2,5.4,0.397,1.3,2.8,0.447,0.544,1,1.2,0.825,0.5,1.9,2.4,4.5,1.4,0.3,1.2,1.9,10
Bogdan Bogdanović,32,LAC,SG,28,0,24.6,3.5,9.3,0.375,1.8,6,0.302,1.7,3.3,0.511,0.473,1.2,1.4,0.846,0.5,2.1,2.6,2.1,1,0.2,1.4,2.3,10
Julian Champagnie,23,SAS,SF,55,26,24.2,3.4,8.2,0.42,2.2,6,0.369,1.2,2.2,0.563,0.556,0.9,1,0.895,0.8,3.1,3.9,1.3,0.8,0.4,0.9,1.4,10
Keon Johnson,22,BKN,SG,54,34,23.5,3.7,9.8,0.375,1.4,5,0.287,2.3,4.9,0.466,0.448,1.2,1.5,0.783,0.8,2.8,3.6,1.9,1,0.4,1.2,2.5,10
Luguentz Dort,25,OKC,SF,52,52,29,3.5,8.1,0.431,2.2,5.5,0.401,1.3,2.6,0.493,0.567,0.6,0.8,0.825,1.4,2.8,4.1,1.6,1.1,0.6,0.7,3.1,9.8
T.J. McConnell,32,IND,PG,54,0,18.4,4.4,8.4,0.525,0.2,0.6,0.294,4.2,7.8,0.544,0.536,0.8,1.1,0.75,0.5,2,2.5,4.5,1.1,0.3,1.5,1.1,9.8
Svi Mykhailiuk,27,UTA,SF,22,12,20,3.5,8.6,0.402,2.1,6.1,0.343,1.4,2.5,0.545,0.524,0.8,1,0.783,0.5,2,2.5,1.7,0.7,0.3,1.6,1.3,9.8
Royce O'Neale,31,PHX,SF,51,18,26,3.5,8.1,0.426,2.4,6,0.403,1,2.1,0.491,0.575,0.4,0.5,0.75,0.8,4.2,5,2.1,1,0.5,1,2.2,9.7
Isaiah Joe,25,OKC,SG,51,11,21,3.4,7.7,0.433,2.4,6.1,0.398,0.9,1.7,0.558,0.589,0.5,0.6,0.719,0.5,2,2.5,1.4,0.7,0.1,0.5,1.6,9.6
Julian Strawther,22,DEN,SG,57,4,22.4,3.4,7.9,0.434,1.6,4.4,0.365,1.8,3.5,0.523,0.537,1.1,1.4,0.831,0.3,2,2.3,1.4,0.6,0.3,0.9,2.5,9.6
Max Christie,21,DAL,SG,54,27,26.2,3.1,6.9,0.457,1.4,3.7,0.381,1.7,3.1,0.547,0.56,1.8,2.1,0.848,0.6,2.4,3,1.7,0.8,0.5,1,1.6,9.5
Tosan Evbuomwan,23,BKN,SF,20,0,24.3,3.5,7.8,0.442,0.8,2.6,0.294,2.7,5.3,0.514,0.49,1.8,2.5,0.735,1.2,2.9,4.1,1.7,0.8,0.4,1.6,1.9,9.5
Moses Moody,22,GSW,SG,49,9,19.8,3.3,7.4,0.444,1.7,4.5,0.382,1.6,3,0.538,0.559,1.2,1.7,0.728,0.6,1.7,2.3,1.2,0.6,0.4,0.7,1.5,9.5
Trendon Watford,24,BKN,PF,21,0,17.8,3.4,7.3,0.471,0.6,1.9,0.325,2.8,5.4,0.522,0.513,2,2.4,0.824,0.4,2.5,2.9,1.8,0.5,0.3,1.3,2.2,9.5
Georges Niang,31,ATL,PF,56,2,21.4,3.5,7.3,0.477,1.9,4.7,0.411,1.5,2.6,0.597,0.609,0.5,0.6,0.806,0.7,3.1,3.8,1.4,0.4,0.2,0.9,2.6,9.4
Kevin Porter Jr.,24,MIL,SG,50,2,19.4,3.8,8.8,0.433,0.5,2.2,0.248,3.3,6.6,0.494,0.464,1.2,1.8,0.67,0.6,2.9,3.5,3.2,1,0.2,1.8,1.6,9.4
Cole Anthony,24,ORL,PG,54,16,18,3.5,8.3,0.424,1.1,3.2,0.333,2.4,5.1,0.48,0.488,1.4,1.7,0.793,0.7,2.3,3,2.8,0.7,0.4,1.6,2.3,9.4
Noah Clowney,20,BKN,PF,37,18,23.1,3,8.1,0.375,2,5.6,0.354,1,2.4,0.422,0.498,1.4,1.6,0.85,0.9,3,3.9,0.8,0.5,0.5,1,2.4,9.4
Luke Kennard,28,MEM,SG,44,7,22.1,3.2,6.7,0.475,2.1,4.4,0.474,1.1,2.3,0.476,0.629,1,1.1,0.896,0.6,2.3,2.9,3.3,0.7,0.1,1,0.9,9.4
Ausar Thompson,22,DET,SF,35,24,20.9,3.9,7.2,0.55,0.2,0.9,0.219,3.7,6.3,0.598,0.564,1.3,2.3,0.588,1.7,3.3,5,2.2,1.7,0.4,1.4,2.8,9.4
Cam Whitmore,20,HOU,SF,37,0,17.3,3.5,8.5,0.413,1.2,4,0.311,2.3,4.5,0.503,0.486,1.1,1.5,0.719,0.7,2.5,3.2,0.9,0.7,0.2,1,1.1,9.4
Ziaire Williams,23,BKN,SF,42,25,23.9,3.1,7.9,0.398,1.3,4.1,0.318,1.8,3.8,0.484,0.48,1.8,2.2,0.826,1.1,3.8,4.9,1.5,1,0.4,1,2.5,9.4
Anthony Black,21,ORL,PG,55,9,24.6,3.3,7.7,0.423,0.7,2.4,0.3,2.6,5.4,0.476,0.468,2.1,2.8,0.752,0.6,2.1,2.7,3.3,1,0.5,1.8,2.2,9.3
Clint Capela,30,ATL,C,47,41,22.3,4.1,7.2,0.569,0,0,,4.1,7.2,0.569,0.569,1,1.9,0.538,3.2,5.6,8.9,1.2,0.6,1,0.9,2,9.3
GG Jackson II,20,MEM,PF,15,0,16.7,3.3,7.8,0.419,1.3,3.9,0.339,1.9,3.9,0.5,0.504,1.4,2,0.7,1.1,2.2,3.3,0.9,0.4,0.2,1.2,1.1,9.3
Jalen Wilson,24,BKN,PF,55,15,27.2,3.2,8,0.396,1.4,4.4,0.316,1.8,3.5,0.497,0.484,1.5,1.9,0.824,1.1,2.4,3.5,1.9,0.5,0.1,1.1,2.1,9.3
Jaime Jaquez Jr.,23,MIA,SF,46,11,23.1,3.3,7.6,0.437,0.6,2,0.293,2.7,5.6,0.488,0.476,2,2.6,0.767,1.3,3.5,4.7,2.7,1.1,0.2,1.5,1.5,9.2
Nickeil Alexander-Walker,26,MIN,SG,58,9,24.9,3.3,7.3,0.444,1.8,4.5,0.404,1.4,2.9,0.506,0.567,0.8,1,0.763,0.6,2.5,3.1,2.5,0.6,0.3,1.2,1.8,9.1
Carlton Carrington,19,WAS,PG,56,39,29.4,3.4,8.2,0.411,1.6,4.6,0.347,1.8,3.6,0.493,0.509,0.8,0.9,0.843,0.4,3.6,4,3.9,0.7,0.2,1.5,2.3,9.1
Zach Edey,22,MEM,C,43,36,20.5,3.7,6.5,0.573,0.3,1,0.349,3.4,5.5,0.613,0.6,1.3,1.9,0.675,3.3,4.4,7.7,0.9,0.6,1.2,1.4,2.6,9.1
Dereck Lively II,20,DAL,C,32,25,24,3.9,5.5,0.701,0,0,,3.9,5.5,0.701,0.701,1.4,2.2,0.638,3.1,4.8,7.8,2.6,0.5,1.7,1.2,2.9,9.1
Caleb Martin,29,PHI,SF,31,24,30.4,3.3,7.5,0.435,1.1,2.8,0.379,2.2,4.7,0.469,0.506,1.5,2.4,0.622,1.4,3,4.4,2.2,1.1,0.6,1.4,2,9.1
Miles McBride,24,NYK,PG,47,1,23.7,3.3,7.9,0.415,1.7,4.6,0.37,1.6,3.3,0.477,0.523,0.9,1,0.857,0.7,1.7,2.4,2.6,0.9,0.2,0.7,1.4,9.1
Scotty Pippen Jr.,24,MEM,PG,57,16,20,3.4,7.1,0.47,0.9,2.6,0.36,2.4,4.5,0.535,0.537,1.4,2.1,0.683,0.8,2.5,3.2,4.3,1.2,0.4,1.8,2.5,9.1
Patrick Williams,23,CHI,PF,45,35,26.2,3.2,8.6,0.375,1.6,4.5,0.351,1.6,4.1,0.4,0.466,1.1,1.4,0.769,0.8,3.3,4,2,0.8,0.6,1.3,1.3,9.1
Dalton Knecht,23,LAL,SF,52,12,20.1,3.3,7.1,0.457,1.6,4.4,0.354,1.7,2.7,0.624,0.566,1,1.2,0.82,0.5,2.5,3,0.8,0.4,0.1,0.5,1.3,9
Chris Paul,39,SAS,PG,55,55,28.9,3,7.4,0.405,1.7,4.8,0.353,1.3,2.6,0.504,0.521,1.3,1.4,0.948,0.5,3.5,3.9,8,1.3,0.2,1.5,1.9,9
Nick Richards,27,PHX,C,38,25,21.8,3.2,5.6,0.568,0,0.1,0,3.2,5.6,0.573,0.568,2.5,3.5,0.722,2.5,5.9,8.5,0.9,0.3,1.1,1.5,2.4,8.9
Brice Sensabaugh,21,UTA,SF,45,2,17.4,3.2,7.3,0.441,1.6,4.4,0.369,1.6,2.9,0.55,0.552,0.9,1,0.907,0.6,1.9,2.5,1.3,0.6,0.1,1.3,1.4,8.9
Wendell Carter Jr.,25,ORL,C,46,29,25.3,3.2,7,0.463,0.4,2.2,0.202,2.8,4.8,0.579,0.494,2,2.8,0.711,2,5.4,7.4,2.2,0.8,0.5,1.1,2.8,8.8
Dorian Finney-Smith,31,LAL,PF,40,26,27.4,3.1,6.7,0.463,2,4.7,0.417,1.2,2,0.568,0.608,0.5,0.8,0.677,1.3,2.7,3.9,1.4,0.9,0.4,0.9,2.3,8.7
Dalano Banton,25,POR,PG,44,0,15.7,3,7.4,0.412,1.2,3.3,0.361,1.9,4.1,0.453,0.492,1.4,2,0.698,0.3,1.5,1.8,2.2,0.7,0.5,1.3,0.8,8.6
Kentavious Caldwell-Pope,31,ORL,SG,56,56,30.2,3,7.3,0.409,1.4,4.6,0.305,1.6,2.8,0.581,0.504,1.2,1.4,0.868,0.4,1.7,2.1,1.8,1.4,0.5,0.8,1.9,8.6
Kel'el Ware,20,MIA,C,40,14,19.6,3.6,6.8,0.531,0.6,1.9,0.338,3,4.9,0.604,0.577,0.8,1,0.732,1.5,4.5,6,0.9,0.6,1,0.8,1.4,8.6
Marcus Smart,30,WAS,PG,20,6,20.9,2.8,7.6,0.364,1.5,4.6,0.33,1.3,3,0.417,0.464,1.5,1.8,0.833,0.7,1.5,2.2,3.6,1.3,0.3,1.8,1.6,8.5
Goga Bitadze,25,ORL,C,48,41,23.3,3.6,5.8,0.625,0,0.4,0.1,3.6,5.4,0.665,0.628,1.3,2,0.638,2.7,5.2,7.9,2.1,0.8,1.7,1.3,2.2,8.5
Draymond Green,34,GSW,PF,43,41,28.4,3,7,0.429,1.1,3.4,0.333,1.9,3.6,0.519,0.51,1.3,2.1,0.637,1,4.8,5.8,5.7,1.3,1.1,2.4,3,8.5
Larry Nance Jr.,32,ATL,PF,24,3,19.3,3.3,6.5,0.516,1.4,3.2,0.447,1.9,3.3,0.582,0.626,0.4,0.5,0.692,1,3.3,4.3,1.6,0.8,0.5,0.7,1.5,8.5
Aaron Nesmith,25,IND,SF,20,12,21,2.9,6,0.483,1.1,2.9,0.386,1.8,3.2,0.571,0.575,1.6,1.7,0.912,0.7,2.8,3.5,1.4,0.6,0.3,0.7,2.7,8.5
Max Strus,28,CLE,SF,28,15,24.9,3,7.3,0.412,2.1,5.9,0.366,0.9,1.4,0.6,0.559,0.4,0.5,0.846,0.9,3.5,4.3,3.2,0.6,0.4,1,2.1,8.5
Jusuf Nurkić,30,CHA,C,29,25,22.8,3,6.6,0.45,0.7,2.4,0.286,2.3,4.2,0.545,0.503,1.8,2.6,0.693,1.9,7.2,9.1,2.3,0.9,0.7,2.2,3,8.4
Yves Missi,20,NOP,C,54,48,26.9,3.4,6.4,0.533,0,0,0,3.4,6.4,0.535,0.533,1.6,2.5,0.64,3.5,4.7,8.2,1.4,0.5,1.5,1.2,2.2,8.4
Jaylen Nowell,25,NOP,SG,8,0,21,3.3,9.1,0.356,1,3.4,0.296,2.3,5.8,0.391,0.411,0.9,1.4,0.636,0.8,1.8,2.5,2.3,0.1,0.5,1,1.1,8.4
Jalen Smith,24,CHI,C,51,1,15,3,6.3,0.475,1.2,3.5,0.352,1.7,2.8,0.631,0.573,1.2,1.4,0.836,1.4,4,5.4,0.9,0.2,0.7,0.6,1.5,8.4
Nick Smith Jr.,20,CHA,SG,36,17,19.8,3.3,8.2,0.397,1.4,4.4,0.331,1.8,3.8,0.471,0.485,0.4,0.5,0.889,0.2,1.7,1.9,1.9,0.4,0.1,1.2,1.1,8.4
Mike Conley,37,MIN,PG,49,43,25.2,2.6,6.9,0.371,1.8,4.6,0.389,0.8,2.3,0.333,0.501,1.3,1.4,0.913,0.5,2.2,2.7,4.6,1.2,0.2,1.1,1.5,8.2
Justin Edwards,21,PHI,SF,25,9,23.8,3.1,6.7,0.464,1.4,4,0.364,1.7,2.8,0.609,0.571,0.5,0.8,0.632,1,2.2,3.2,1.4,0.8,0.3,0.8,2.2,8.2
Day'Ron Sharpe,23,BKN,C,34,0,17.3,3.4,6.6,0.52,0.2,0.9,0.219,3.2,5.6,0.571,0.536,1.2,1.6,0.774,3,3.4,6.4,1.6,0.8,0.7,1.4,2.2,8.2
Tristan Da Silva,23,ORL,SF,55,35,24.3,3,7.1,0.426,1.2,3.5,0.338,1.8,3.5,0.513,0.51,0.8,1,0.852,1.1,2.5,3.7,1.7,0.5,0.2,0.9,1.4,8.1
Keon Ellis,25,SAC,SG,54,11,22.4,2.7,5.6,0.479,1.7,3.9,0.439,1,1.7,0.57,0.631,0.9,1.1,0.847,0.8,1.8,2.6,1.3,1.4,0.8,0.9,1.8,8.1
Peyton Watson,22,DEN,SF,48,12,24.1,2.9,6.2,0.471,0.7,2,0.34,2.3,4.2,0.532,0.525,1.6,2.1,0.752,0.8,2.6,3.4,1.5,0.9,1.2,0.9,1.7,8.1
Markelle Fultz,26,SAC,PG,1,0,10,4,5,0.8,0,0,,4,5,0.8,0.8,0,0,,0,0,0,1,0,0,3,0,8
Kyshawn George,21,WAS,SG,50,20,26.3,2.7,7.7,0.355,1.6,5.2,0.313,1.1,2.5,0.444,0.461,1,1.3,0.738,0.8,3.2,4,2.2,0.9,0.6,1.3,3,8
Jaden Hardy,22,DAL,SG,43,3,15.3,2.9,6.9,0.424,1.2,3.2,0.374,1.7,3.6,0.468,0.512,1,1.4,0.672,0.2,1.4,1.6,1.3,0.5,0.1,1.5,1.6,8
Brandon Clarke,28,MEM,PF,53,18,18.8,3.5,5.8,0.609,0,0.3,0.059,3.5,5.5,0.641,0.611,0.8,1.2,0.672,1.9,3.1,5,1,0.8,0.5,0.6,2.3,7.9
Al Horford,38,BOS,C,45,29,26.4,2.9,7,0.41,1.8,5,0.359,1.1,2.1,0.532,0.536,0.4,0.4,0.889,1.1,4.3,5.4,1.8,0.5,0.9,0.7,1.5,7.9
Taurean Prince,30,MIL,SF,55,48,26,2.8,6.2,0.457,1.9,4,0.459,1,2.1,0.453,0.608,0.5,0.5,0.833,0.5,3.2,3.7,1.9,0.8,0.1,1,2.1,7.9
Kevin Huerter,26,CHI,SG,48,15,21,2.9,7.4,0.397,1.5,4.9,0.3,1.5,2.5,0.583,0.496,0.5,0.7,0.688,0.5,2.3,2.8,1.8,0.9,0.3,0.9,1.7,7.8
Cody Martin,29,CHA,SF,39,8,24.8,3,6.9,0.433,1,3.2,0.323,1.9,3.7,0.528,0.507,0.9,1.3,0.694,1,3.5,4.5,2.3,1.1,0.7,1.1,1.8,7.8
Justin Champagnie,23,WAS,SF,37,15,18.5,2.9,5.8,0.505,1.1,2.8,0.379,1.9,3.1,0.619,0.595,0.7,1.1,0.692,1.5,2.9,4.4,0.8,0.9,0.6,0.8,1.8,7.7
A.J. Green,25,MIL,SG,49,6,22.6,2.6,6.1,0.425,2.2,5.2,0.417,0.4,0.9,0.467,0.602,0.3,0.4,0.889,0.2,2,2.3,1.3,0.5,0.1,0.5,2.2,7.7
Josh Green,24,CHA,SG,50,49,28.6,2.8,6.3,0.439,1.5,3.6,0.403,1.3,2.7,0.489,0.556,0.7,1,0.706,0.9,1.8,2.8,1.5,1.1,0.2,1,2.6,7.7
Tyrese Martin,25,BKN,SG,38,6,20.7,2.8,7,0.397,1.5,4.3,0.339,1.3,2.7,0.49,0.502,0.6,0.9,0.697,0.9,2.8,3.7,1.7,0.5,0.1,1.2,1.1,7.7
Quinten Post,24,GSW,PF,19,7,14.2,2.8,5.9,0.473,1.6,3.8,0.417,1.2,2.1,0.575,0.607,0.6,0.6,1,1,2.5,3.5,1.6,0.2,0.2,0.6,1.6,7.7
Bruce Brown,28,NOP,PG,22,0,19.7,2.9,7,0.406,0.5,1.9,0.262,2.4,5.1,0.46,0.442,1.4,1.6,0.886,0.9,2.7,3.6,1.4,0.8,0.1,0.9,1.7,7.6
Sam Hauser,27,BOS,PF,48,9,19.9,2.7,6.1,0.44,2.1,5.3,0.401,0.6,0.9,0.683,0.613,0.1,0.1,1,0.6,2.4,3,1,0.6,0.2,0.3,1.1,7.6
Ja'Kobe Walter,20,TOR,SG,38,9,19.5,2.8,6.9,0.408,1,3.3,0.312,1.8,3.6,0.496,0.483,1,1.4,0.712,0.8,1.8,2.6,1.3,0.7,0.2,0.8,1.8,7.6
Trayce Jackson-Davis,24,GSW,C,50,37,18.2,3.2,5.6,0.573,0,0,0,3.2,5.6,0.575,0.573,1,1.7,0.605,2.2,3.6,5.8,1.9,0.4,0.7,0.8,1.3,7.5
Johnny Juzang,23,UTA,SG,39,5,17.5,2.6,6.1,0.424,1.7,4.3,0.391,0.9,1.8,0.507,0.563,0.7,0.8,0.839,0.6,2,2.6,1,0.5,0.1,0.5,2,7.5
Garrison Mathews,28,ATL,SG,43,2,17.7,2.1,5.5,0.39,1.8,4.7,0.385,0.3,0.8,0.417,0.553,1.5,1.8,0.829,0.3,1.5,1.8,1.3,0.6,0.3,0.7,1.7,7.5
Vasilije Micić,31,CHA,PG,36,16,21.2,2.6,7.6,0.348,1.3,3.5,0.36,1.4,4.1,0.338,0.43,0.9,1.1,0.829,0.6,1.9,2.4,3.5,0.4,0,2.1,1.2,7.5
Kelly Olynyk,33,NOP,C,26,4,16.6,2.5,5,0.496,0.8,1.8,0.426,1.7,3.2,0.536,0.573,1.5,1.9,0.796,1.2,3,4.1,2.3,0.6,0.3,1.6,2.5,7.3
Lonzo Ball,27,CHI,PG,32,11,22.1,2.4,6.8,0.349,1.8,5.6,0.331,0.5,1.3,0.425,0.484,0.7,0.8,0.808,0.7,2.8,3.4,3.4,1.4,0.5,1.2,1.6,7.3
Jay Huff,26,MEM,C,47,1,12.2,2.6,4.9,0.522,1.4,3.3,0.418,1.2,1.6,0.727,0.661,0.8,1,0.771,0.5,1.6,2.1,0.6,0.2,0.9,0.6,1.3,7.3
Cameron Payne,30,NYK,PG,51,1,14.6,2.5,6.1,0.419,1.4,3.6,0.373,1.2,2.5,0.488,0.531,0.8,0.9,0.891,0.2,1.2,1.4,2.7,0.5,0.2,0.6,1.6,7.3
Cason Wallace,21,OKC,SG,48,32,27.1,3,6.7,0.446,1,3,0.336,2,3.8,0.533,0.52,0.3,0.4,0.789,1.1,2.3,3.4,2.4,1.7,0.5,0.7,2.2,7.3
Bones Hyland,24,LAC,PG,20,0,11.1,2.3,5.8,0.391,1.6,4,0.388,0.7,1.8,0.4,0.526,1.2,1.3,0.885,0.3,1,1.2,1.4,0.9,0.2,1.2,1.3,7.2
Sam Merrill,28,CLE,SG,48,2,19.3,2.4,6.1,0.39,1.9,5.3,0.352,0.5,0.8,0.641,0.543,0.5,0.5,0.962,0.5,1.5,2,1.5,0.7,0.2,0.5,1.9,7.1
Precious Achiuwa,25,NYK,C,36,8,22.5,3,5.6,0.527,0.3,0.8,0.321,2.7,4.9,0.56,0.549,0.8,1.3,0.617,2.1,3.9,6.1,1.1,1,0.7,0.8,1.6,7
Isaiah Collier,20,UTA,PG,48,23,24,2.8,6.9,0.408,0.5,2.3,0.236,2.3,4.6,0.493,0.447,0.8,1.3,0.633,0.4,2.7,3.1,6,0.8,0.2,2.9,2.2,7
Jordan Goodwin,26,LAL,PG,5,0,19,3,5.2,0.577,0.8,2,0.4,2.2,3.2,0.688,0.654,0.2,0.2,1,1.6,2.8,4.4,1,1,0.2,0.6,1.8,7
Isaiah Jackson,23,IND,C,5,1,16.8,2.8,4.6,0.609,0,0,,2.8,4.6,0.609,0.609,1.4,2.8,0.5,2.2,3.4,5.6,1,0.6,1.6,1,2.8,7
Josh Okogie,26,CHA,SG,32,2,15.6,2.5,5.2,0.473,0.8,2,0.385,1.7,3.2,0.529,0.548,1.2,1.6,0.725,1.3,1.7,3,0.8,1.3,0.5,0.8,1.2,6.9
Jared Butler,24,PHI,SG,36,1,11.6,2.7,5.7,0.466,0.5,1.5,0.321,2.2,4.3,0.516,0.507,1.1,1.4,0.788,0.4,0.9,1.4,2.7,0.4,0.2,0.9,1.2,6.9
Vit Krejci,24,ATL,PG,39,15,20.8,2.5,5.5,0.447,1.4,3.7,0.384,1,1.8,0.58,0.577,0.5,0.8,0.667,0.4,2.4,2.7,2.7,0.7,0.5,0.9,1.9,6.9
Thomas Bryant,27,IND,C,39,5,15.1,2.6,4.9,0.536,0.8,2.1,0.366,1.9,2.8,0.664,0.615,0.8,0.9,0.861,1.5,2.7,4.2,1.2,0.4,0.6,0.4,1.1,6.8
Jake LaRavia,23,SAC,PF,52,0,20.1,2.4,4.9,0.479,0.8,1.9,0.424,1.6,3,0.513,0.56,1.3,1.9,0.67,1.4,2.7,4.2,2.6,0.9,0.4,1.4,1.8,6.8
Andre Drummond,31,PHI,C,32,16,18.1,2.8,5.4,0.517,0,0.4,0.083,2.8,5.1,0.549,0.52,1.2,2.1,0.561,2.5,4.9,7.4,0.6,1,0.4,1.5,2.3,6.8
Eric Gordon,36,PHI,SG,39,13,19.7,2.2,5.2,0.426,1.4,3.5,0.409,0.8,1.7,0.463,0.564,0.9,1.2,0.75,0.2,1,1.2,1.7,0.7,0.3,0.7,0.8,6.8
Kyle Filipowski,21,UTA,C,46,10,18.2,2.5,5,0.513,0.7,2,0.337,1.9,3,0.632,0.581,1,1.5,0.62,1.2,3.6,4.8,1.8,0.5,0.1,1.1,2,6.7
Davion Mitchell,26,MIA,PG,49,27,25.4,2.5,5.7,0.441,1,2.8,0.363,1.5,2.9,0.514,0.529,0.6,0.8,0.683,0.4,1.6,1.9,4.5,0.7,0.2,1.7,2.6,6.6
Matas Buzelis,20,CHI,SF,55,6,15.2,2.4,5.4,0.438,0.9,2.7,0.356,1.4,2.7,0.517,0.525,0.8,1,0.804,0.6,2.3,2.9,0.6,0.3,0.9,0.7,1.5,6.5
KJ Simpson,22,CHA,PG,21,2,19.2,2.2,7,0.318,0.7,3,0.219,1.6,4,0.393,0.365,1.4,1.7,0.806,1.1,1.6,2.7,2.5,0.7,0.2,1.3,1.6,6.5
Ben Simmons,28,LAC,PG,36,24,24.9,2.9,5.1,0.557,0,0,,2.9,5.1,0.557,0.557,0.7,0.9,0.727,0.9,4.3,5.2,6.8,0.9,0.5,2.5,2.4,6.4
KJ Martin,24,UTA,PF,26,8,20.2,2.6,4.3,0.604,0.3,1.1,0.321,2.2,3.2,0.699,0.644,0.9,1.2,0.774,0.8,2.1,2.9,0.8,0.5,0.7,0.5,2.5,6.4
Ajay Mitchell,22,OKC,SG,34,1,16.5,2.5,4.9,0.506,0.6,1.5,0.431,1.8,3.4,0.539,0.572,0.8,1,0.848,0.5,1.5,2,1.7,0.7,0.1,0.8,1.7,6.4
Vince Williams Jr.,24,MEM,SG,8,0,16.3,2.3,6,0.375,0.6,2.6,0.238,1.6,3.4,0.481,0.427,1.3,1.9,0.667,1.5,2.4,3.9,2,0.6,0.3,1.4,2.3,6.4
Ryan Dunn,22,PHX,SF,51,28,18,2.5,5.8,0.438,0.9,3.1,0.306,1.6,2.7,0.586,0.519,0.2,0.5,0.478,0.9,2.3,3.2,0.8,0.4,0.5,0.4,2.2,6.3
Haywood Highsmith,28,MIA,SF,49,39,23.7,2.4,5.1,0.466,1.2,3,0.388,1.2,2.1,0.578,0.58,0.4,0.6,0.679,0.8,2.3,3.1,1.2,0.9,0.6,0.7,2,6.3
Torrey Craig,34,BOS,SF,11,1,11.9,2.2,4.3,0.511,1.5,3.4,0.459,0.6,0.9,0.7,0.691,0.3,0.4,0.75,0.8,1.6,2.5,0.6,0.2,0.5,0,1.4,6.2
Alec Burks,33,MIA,SG,30,1,17,1.9,4.5,0.425,1.4,3.2,0.433,0.5,1.2,0.405,0.582,1,1.3,0.763,0.4,2.2,2.6,1.1,0.6,0.2,0.4,0.7,6.2
Alex Caruso,30,OKC,SG,35,1,19.1,2.3,5.6,0.416,1.1,3.3,0.342,1.2,2.3,0.525,0.518,0.4,0.5,0.813,0.7,2.1,2.8,2.6,1.7,0.5,0.6,1.9,6.2
Ricky Council IV,23,PHI,SF,48,4,14.1,2.1,5.1,0.412,0.7,2.3,0.306,1.4,2.8,0.496,0.479,1.3,1.6,0.808,0.6,1.6,2.2,1.1,0.4,0.1,0.5,0.8,6.2
Richaun Holmes,31,WAS,PF,19,5,16.7,2.5,3.8,0.658,0,0.2,0,2.5,3.7,0.686,0.658,1.2,1.5,0.759,1.7,3.6,5.3,1.1,0.1,0.8,0.7,1.6,6.2
Dru Smith,27,MIA,SG,14,1,19.1,2.2,4.4,0.508,1.1,2.1,0.533,1.1,2.2,0.484,0.639,0.6,0.9,0.75,0.9,1.7,2.6,1.6,1.5,0.4,1.2,2.1,6.2
Seth Curry,34,CHA,SG,47,9,14.4,2.3,4.8,0.471,1.1,2.6,0.446,1.1,2.3,0.5,0.59,0.4,0.5,0.87,0.4,1.1,1.6,0.7,0.5,0.1,0.4,0.9,6.1
Simone Fontecchio,29,DET,SF,52,0,17.4,2,5.3,0.381,1,3.2,0.321,1,2.1,0.472,0.478,1.1,1.3,0.838,0.7,2.3,3.1,0.9,0.4,0.2,0.8,1.3,6.1
Ron Holland,19,DET,SF,57,1,15.6,2.3,5.2,0.44,0.5,2.1,0.242,1.8,3.1,0.573,0.488,1,1.2,0.803,0.5,2.2,2.7,0.8,0.6,0.1,0.9,1.8,6.1
Trey Lyles,29,SAC,PF,46,2,18.5,2.1,5.3,0.393,1.2,3.6,0.333,0.9,1.7,0.519,0.506,0.8,1,0.745,1,3.3,4.4,0.9,0.6,0.4,0.6,1.2,6.1
Bol Bol,25,PHX,PF,21,2,11.2,2.4,4.8,0.495,0.7,2.4,0.294,1.7,2.4,0.7,0.569,0.5,0.8,0.688,0.6,2.1,2.8,0.4,0.2,0.8,0.6,0.4,6
Jamal Shead,22,TOR,PG,51,1,17.3,2.3,5.5,0.428,0.8,2.3,0.361,1.5,3.1,0.478,0.505,0.5,0.7,0.743,0.2,0.9,1.2,3.5,0.5,0.1,1.5,1.9,6
James Wiseman,23,IND,C,1,0,5,2,4,0.5,0,1,0,2,3,0.667,0.5,2,2,1,0,1,1,0,0,0,0,0,6
Isaiah Wong,24,CHA,SG,20,0,13.3,2.1,5.3,0.39,0.7,1.7,0.394,1.4,3.6,0.389,0.452,1.3,1.7,0.735,0.7,0.9,1.6,1.4,0.6,0,0.9,1.1,6
Terance Mann,28,ATL,SG,42,12,19.6,2.3,5.1,0.453,0.7,1.9,0.37,1.6,3.2,0.504,0.523,0.6,0.9,0.641,0.9,1.9,2.8,1.6,0.7,0.3,0.6,1.9,5.9
Jaxson Hayes,24,LAL,C,34,13,18.2,2.4,3.5,0.697,0,0.1,0,2.4,3.4,0.709,0.697,1,1.4,0.729,1.3,2.9,4.2,1.1,0.6,0.9,0.7,2.1,5.9
Jonathan Isaac,27,ORL,PF,51,0,16.5,2.1,5.1,0.412,0.6,2.5,0.26,1.5,2.6,0.556,0.475,1,1.5,0.675,1.8,3,4.8,0.5,0.8,1.2,0.4,1.4,5.9
Marcus Sasser,24,DET,PG,43,0,13.9,2.2,4.9,0.459,0.9,2.5,0.361,1.3,2.3,0.564,0.553,0.5,0.6,0.885,0.3,0.9,1.2,2.2,0.7,0.1,0.9,1.3,5.9
Ben Sheppard,23,IND,SG,41,8,20.2,2.1,5,0.426,1.2,3.4,0.364,0.9,1.6,0.563,0.551,0.4,0.5,0.9,0.6,1.9,2.5,1.2,0.7,0.3,0.3,2.1,5.9
Isaiah Stewart,23,DET,C,52,3,20,2.4,4.4,0.541,0.2,0.7,0.289,2.2,3.7,0.591,0.565,0.8,1,0.815,2,3.7,5.7,1.7,0.3,1.3,1,2.4,5.9
Kenrich Williams,30,OKC,PF,45,1,14.4,2.3,4.6,0.5,0.9,2.4,0.396,1.4,2.3,0.608,0.601,0.4,0.4,0.889,0.9,2.3,3.2,1.1,0.6,0.1,0.5,1.5,5.9
Shake Milton,28,LAL,SG,44,1,15.4,2.1,4.5,0.455,0.7,2,0.356,1.3,2.5,0.536,0.535,0.9,1.1,0.8,0.5,1.4,1.9,2,0.4,0.1,0.7,1.3,5.8
Kris Dunn,30,LAC,PG,49,33,23,2.4,5.7,0.416,0.9,3,0.31,1.5,2.8,0.529,0.496,0.1,0.3,0.5,0.9,2.7,3.5,2.9,1.7,0.3,1.1,2.6,5.8
Javonte Green,31,NOP,SG,50,18,21.8,2,4.5,0.446,0.8,2.2,0.352,1.2,2.3,0.534,0.531,1,1.3,0.758,1,2.6,3.6,0.9,1.1,0.6,0.6,1.5,5.8
Talen Horton-Tucker,24,CHI,SG,41,0,11.4,2.1,4.6,0.45,0.8,2,0.373,1.3,2.6,0.509,0.532,0.9,1.2,0.725,0.3,1.4,1.7,1.3,0.4,0.2,0.6,1,5.8
Dean Wade,28,CLE,PF,37,26,22.5,2,5,0.402,1.4,4.1,0.34,0.6,0.8,0.71,0.543,0.4,0.7,0.52,1,4,5,1.5,0.8,0.4,0.4,2,5.8
Jarace Walker,21,IND,PF,52,1,16,2.1,4.6,0.458,0.9,2.3,0.369,1.3,2.3,0.551,0.552,0.7,1.1,0.644,0.3,2.8,3.1,1.4,0.9,0.4,1.1,1.6,5.8
Keaton Wallace,25,ATL,PG,24,3,17.3,2.2,5.1,0.423,1,2.7,0.354,1.2,2.4,0.5,0.516,0.5,0.5,1,0.2,1.3,1.5,2.3,0.9,0.3,1.2,1.3,5.8
Robert Williams,27,POR,C,20,3,17.6,2.5,3.9,0.641,0.1,0.2,0.333,2.5,3.8,0.653,0.647,0.8,0.9,0.882,1.8,4.2,5.9,1.1,0.7,1.7,0.9,1.6,5.8
Donovan Clingan,20,POR,C,43,13,16.4,2.4,4.2,0.56,0.2,0.5,0.304,2.2,3.7,0.597,0.58,0.7,1.1,0.681,2.7,4,6.7,0.7,0.4,1.6,1.2,2.7,5.7
Jeff Green,38,HOU,PF,17,2,12.3,2,3.8,0.531,0.8,2.4,0.341,1.2,1.4,0.87,0.641,0.9,1.1,0.833,0.3,1.3,1.6,0.4,0.2,0.1,0.3,1,5.7
Quenton Jackson,26,IND,PG,18,7,14.1,2.2,4.2,0.513,0.5,1.3,0.375,1.7,2.9,0.577,0.572,0.8,1.2,0.714,0.6,0.9,1.5,1.7,0.5,0.3,0.6,1.8,5.7
Isaac Okoro,24,CLE,SG,31,17,19.5,2,4.7,0.432,1.1,2.8,0.384,1,1.9,0.5,0.545,0.6,0.9,0.704,0.8,1.4,2.2,1.5,0.6,0.4,0.4,1.9,5.7
Jeremiah Robinson-Earl,24,NOP,PF,45,6,17.6,2.1,4.8,0.444,0.7,2.2,0.33,1.4,2.5,0.544,0.521,0.7,0.8,0.865,1.7,2.9,4.6,1.2,0.6,0.1,0.7,1.2,5.7
Rob Dillingham,20,MIN,PG,33,1,12.5,2.4,5.3,0.448,0.7,1.9,0.365,1.7,3.4,0.495,0.514,0.2,0.3,0.5,0.2,0.9,1.2,2.4,0.4,0,1.3,0.9,5.6
Gabe Vincent,28,LAL,PG,47,6,20.2,2.1,5.3,0.399,1.3,3.7,0.341,0.8,1.5,0.542,0.52,0.1,0.3,0.583,0.3,1,1.3,1.4,0.7,0.2,0.6,2.1,5.6
Drew Eubanks,27,LAC,C,41,4,14.8,2.3,3.8,0.61,0.1,0.1,0.5,2.2,3.6,0.615,0.62,0.9,1.4,0.632,1.1,3.2,4.3,1.1,0.2,0.8,0.8,1.1,5.5
Jamison Battle,23,TOR,SF,39,0,12.6,1.9,4.2,0.46,1.3,3.2,0.423,0.6,1,0.575,0.62,0.3,0.4,0.857,0.5,1.3,1.8,0.8,0.1,0.1,0.3,1.1,5.5
Mouhamed Gueye,22,ATL,PF,10,6,14.8,2.2,6,0.367,0.4,3,0.133,1.8,3,0.6,0.4,0.7,0.9,0.778,0.8,2.7,3.5,0.5,1,0.9,0.3,1.2,5.5
Kevin Love,36,MIA,PF,19,6,10.9,1.8,5.2,0.354,1.1,3.1,0.362,0.7,2.2,0.341,0.46,0.7,1,0.684,0.9,3.2,4.1,1,0.7,0.1,0.7,0.9,5.5
Tristan Vukcevic,21,WAS,C,16,0,8.5,2,3.8,0.525,0.6,1.8,0.345,1.4,2,0.688,0.607,0.9,1.2,0.737,0.6,1.9,2.5,0.9,0.3,0.2,0.7,0.9,5.5
Jonathan Mogbo,23,TOR,PF,44,10,17.7,2,4.5,0.452,0.3,0.9,0.341,1.7,3.6,0.481,0.487,1,1.4,0.7,1.6,2.5,4.1,1.7,0.7,0.5,0.9,2.1,5.4
Kobe Bufkin,21,ATL,SG,10,0,12.4,1.8,4.7,0.383,0.4,1.9,0.211,1.4,2.8,0.5,0.426,1.3,1.8,0.722,0.5,1.6,2.1,1.7,0.3,0.2,0.8,0.9,5.3
Jaylin Williams,22,OKC,PF,27,5,16.8,1.9,5,0.382,1.1,3.5,0.309,0.9,1.6,0.548,0.489,0.4,0.4,1,1.3,4.4,5.7,2.4,0.4,0.7,0.8,1.9,5.3
Lindy Waters III,27,DET,SG,40,9,16.7,1.9,5.2,0.364,1.2,3.8,0.322,0.7,1.4,0.474,0.481,0.2,0.3,0.727,0.4,2,2.5,1.1,0.6,0.3,0.4,1.4,5.2
Kyle Anderson,31,MIA,PF,40,4,14.9,2.1,4.7,0.441,0.5,1.4,0.352,1.6,3.4,0.478,0.492,0.5,0.8,0.636,0.9,2.3,3.2,2.2,0.7,0.6,0.5,1.1,5.2
Moussa Diabaté,23,CHA,C,46,7,19,2.1,3.5,0.601,0,0,0,2.1,3.5,0.609,0.601,0.9,1.7,0.566,3,4.1,7,0.8,0.7,0.7,0.9,1.7,5.2
Luke Kornet,29,BOS,C,51,7,17.2,2.1,3.2,0.661,0,0,0,2.1,3.2,0.665,0.661,0.9,1.2,0.762,2.4,2.7,5,1.6,0.5,0.9,0.4,1.5,5.2
Gary Payton II,32,GSW,SG,45,10,13.4,2.2,4,0.552,0.3,1.3,0.246,1.9,2.8,0.694,0.591,0.5,0.6,0.724,0.8,2,2.8,1.2,0.6,0.3,0.6,1.7,5.2
Jaylen Clark,23,MIN,SG,16,2,14.9,1.8,3.9,0.46,0.7,1.6,0.423,1.1,2.3,0.486,0.548,0.8,1,0.75,0.9,0.7,1.6,0.5,1,0.1,0.1,1.6,5.1
Tidjane Salaün,19,CHA,PF,42,8,19.2,1.7,5.4,0.307,0.9,3.2,0.276,0.8,2.2,0.351,0.388,0.9,1.3,0.709,1.1,3.1,4.3,1,0.6,0.3,0.9,1.3,5.1
Bismack Biyombo,32,SAS,C,4,3,14.8,2.3,3,0.75,0,0,,2.3,3,0.75,0.75,0.5,1.8,0.286,0.8,3,3.8,0.8,0.8,1.3,1,1.8,5
DaQuan Jeffries,27,CHA,SG,22,2,19.2,1.9,4.7,0.398,0.8,2.8,0.295,1,1.9,0.548,0.485,0.4,0.5,0.818,0.8,1.9,2.7,1.1,0.6,0.5,0.6,2,5
Kevon Looney,28,GSW,C,51,6,16,2.1,4.2,0.505,0,0,0,2.1,4.2,0.509,0.505,0.7,1.4,0.543,2.9,3.9,6.8,1.8,0.7,0.4,0.6,2.2,5
Neemias Queta,25,BOS,C,44,5,14,2.1,3.2,0.655,0,0,0,2.1,3.2,0.664,0.655,0.8,1.1,0.729,1.4,2.3,3.6,0.6,0.3,0.7,0.6,1.8,5
Alondes Williams,25,DET,SG,1,0,4,2,2,1,1,1,1,1,1,1,1.25,0,0,,0,0,0,1,0,0,0,0,5
Aaron Holiday,28,HOU,PG,41,3,12.6,1.7,4,0.416,0.9,2.6,0.352,0.8,1.5,0.525,0.527,0.6,0.7,0.893,0.2,1,1.2,1.3,0.4,0.1,0.5,1.2,4.9
Monte Morris,29,PHX,PG,40,0,13.1,1.7,4.3,0.404,0.6,1.8,0.301,1.2,2.5,0.48,0.468,0.9,1,0.85,0.3,1.2,1.4,1.7,0.4,0.1,0.4,0.5,4.9
Ryan Rollins,22,MIL,PG,39,8,12.5,1.9,4.2,0.451,0.6,1.8,0.348,1.3,2.4,0.526,0.524,0.5,0.6,0.833,0.4,1.2,1.6,1.3,0.7,0.3,0.8,1.4,4.9
Tre Jones,25,CHI,PG,33,0,16.1,1.7,3.6,0.475,0.3,0.9,0.29,1.5,2.7,0.539,0.513,1,1.2,0.8,0.5,1.5,2,3.4,0.7,0.2,0.7,1.1,4.7
Zach Collins,27,CHI,PF,39,4,12.1,1.7,3.7,0.455,0.4,1.4,0.283,1.3,2.4,0.554,0.507,0.9,1,0.897,1.1,1.9,3,1.4,0.4,0.4,0.6,1.9,4.7
Marvin Bagley III,25,MEM,PF,20,1,8.4,1.9,3.6,0.535,0.1,0.5,0.2,1.8,3.1,0.59,0.549,0.8,1.2,0.652,1.4,1.5,2.8,0.4,0.4,0.3,0.6,0.6,4.7
Taylor Hendricks,21,UTA,PF,3,3,25,1.3,6,0.222,1,4,0.25,0.3,2,0.167,0.306,1,1.3,0.75,1.7,3.3,5,0.7,1.7,1.3,0.7,2.7,4.7
Jordan Miller,25,LAC,SF,30,0,12.4,1.8,4.2,0.429,0.3,1.2,0.222,1.5,3,0.511,0.46,0.9,1.1,0.788,0.7,1,1.7,1.1,0.5,0.2,0.7,0.7,4.7
Mo Bamba,26,LAC,C,28,2,12.6,1.7,3.7,0.466,0.5,1.8,0.3,1.2,1.9,0.623,0.539,0.6,0.9,0.68,0.9,3.4,4.3,0.6,0.3,1,0.7,1.8,4.6
Charles Bassey,24,SAS,C,34,1,10.7,2,3.4,0.586,0,0,,2,3.4,0.586,0.586,0.6,1,0.636,1.6,2.8,4.4,0.5,0.4,0.9,0.7,1.4,4.6
Sandro Mamukelashvili,25,SAS,PF,35,0,8.4,1.6,3,0.538,0.7,1.8,0.419,0.9,1.3,0.705,0.66,0.6,0.8,0.724,0.6,1.8,2.4,0.5,0.3,0.3,0.4,0.7,4.6
Karlo Matković,23,NOP,PF,19,2,14.7,1.8,3.3,0.548,0.3,0.9,0.333,1.5,2.3,0.636,0.597,0.7,0.7,1,1.4,2.4,3.8,0.8,0.5,1.2,1,2.3,4.6
Trentyn Flowers,19,LAC,SF,2,0,8,2,4.5,0.444,0,1,0,2,3.5,0.571,0.444,0.5,0.5,1,0.5,1.5,2,0,0,0,0.5,1.5,4.5
Kevin Knox,25,GSW,SF,2,0,5,2,3.5,0.571,0.5,1.5,0.333,1.5,2,0.75,0.643,0,0,,0.5,0.5,1,0,0,0,0,0.5,4.5
Trevelin Queen,27,ORL,SG,25,2,14.6,1.7,4.8,0.353,0.6,2.6,0.25,1,2.2,0.473,0.42,0.5,0.6,0.867,0.8,0.9,1.7,1.3,1,0.4,0.8,1.4,4.5
Elfrid Payton,30,CHA,PG,12,5,21.1,2.2,5.4,0.4,0,0.1,0,2.2,5.3,0.406,0.4,0.1,0.2,0.5,0.5,2.4,2.9,5.4,1.3,0.4,2.3,1.7,4.4
David Roddy,23,PHI,PF,29,3,12.6,1.6,3.5,0.465,0.6,1.6,0.34,1.1,1.9,0.574,0.545,0.6,0.8,0.818,0.4,2.2,2.6,1.1,0.4,0.3,0.7,0.7,4.4
Jett Howard,21,ORL,SF,47,0,11.3,1.6,4.3,0.37,1,3.1,0.317,0.6,1.2,0.509,0.485,0.3,0.4,0.75,0.4,0.8,1.2,0.8,0.2,0.2,0.5,1,4.4
Reggie Jackson,34,PHI,PG,31,1,12.4,1.7,4.3,0.391,0.8,2.4,0.338,0.9,1.9,0.458,0.485,0.2,0.3,0.778,0.3,1.1,1.4,1.5,0.5,0.1,0.5,1.1,4.4
Julian Phillips,21,CHI,SF,55,3,13.1,1.5,3.4,0.45,0.7,1.9,0.346,0.9,1.5,0.576,0.545,0.7,0.9,0.745,0.9,1.2,2,0.4,0.5,0.3,0.4,1.3,4.4
Pat Connaughton,32,MIL,SG,31,0,14.8,1.6,3.7,0.431,0.6,2,0.323,1,1.7,0.556,0.517,0.4,0.5,0.765,0.5,2.1,2.6,1.6,0.2,0.3,0.6,1.1,4.3
Daniel Theis,32,NOP,C,38,9,16.3,1.6,3.4,0.473,0.2,1,0.243,1.4,2.4,0.565,0.508,0.8,1,0.838,1.2,3.2,4.3,1.6,0.5,0.5,0.7,1.8,4.3
Malaki Branham,21,SAS,SG,33,0,8.9,1.5,3.5,0.431,0.6,1.6,0.389,0.9,1.9,0.468,0.522,0.5,0.6,0.85,0.1,1,1.1,0.8,0.2,0.1,0.8,0.5,4.2
Paul Reed,25,DET,C,32,0,9.4,1.6,3.1,0.531,0.2,0.7,0.286,1.4,2.4,0.597,0.561,0.8,1,0.806,0.9,1.6,2.5,0.9,1,0.6,0.5,1.6,4.2
Jock Landale,29,HOU,C,28,0,10.7,1.6,3.3,0.478,0.2,0.5,0.462,1.4,2.8,0.481,0.511,0.8,1.1,0.688,1.4,1.9,3.3,0.9,0.2,0.3,0.5,1,4.1
Killian Hayes,23,BKN,PG,2,1,24,1.5,4.5,0.333,0,1.5,0,1.5,3,0.5,0.333,1,2,0.5,0,2.5,2.5,4.5,0,1,1,2,4
Kyle Lowry,38,PHI,PG,33,12,18.9,1.2,3.4,0.351,0.8,2.5,0.337,0.3,0.8,0.393,0.477,0.8,1,0.818,0.3,1.6,2,2.8,0.9,0.3,0.6,1.8,4
Dariq Whitehead,20,BKN,SF,9,0,6.3,1.3,2.8,0.48,1.2,2.3,0.524,0.1,0.4,0.25,0.7,0.1,0.3,0.333,0.1,0.6,0.7,0.1,0.3,0.1,0.7,0.2,4
Kris Murray,24,POR,SF,47,1,13.4,1.6,3.6,0.452,0.4,1.5,0.275,1.2,2.1,0.576,0.509,0.3,0.8,0.421,1,1.1,2.1,0.9,0.4,0.2,0.5,0.9,4
Mason Plumlee,34,PHX,C,56,18,17.5,1.5,2.6,0.585,0,0,0,1.5,2.6,0.593,0.585,0.9,1.5,0.622,1.6,4.6,6.2,1.9,0.4,0.7,0.9,2.2,4
Antonio Reeves,24,NOP,SG,26,0,10,1.5,3.8,0.404,0.6,2,0.308,0.9,1.8,0.511,0.485,0.3,0.3,0.875,0.3,0.7,1.1,0.7,0.3,0,0.3,0.4,4
Josh Richardson,31,MIA,SG,8,0,18.8,1.4,4.8,0.289,0.8,2.8,0.273,0.6,2,0.313,0.368,0.5,0.5,1,0.8,0.8,1.5,1.5,1,0.1,1,2.1,4
Cam Spencer,24,MEM,SG,10,0,12.1,1.3,3,0.433,0.5,1.6,0.313,0.8,1.4,0.571,0.517,0.9,0.9,1,0.5,1.2,1.7,1.6,0.3,0.1,0.5,1.1,4
Nae'Qwan Tomlin,24,CLE,PF,2,0,5.5,1.5,2.5,0.6,0,1,0,1.5,1.5,1,0.6,1,1.5,0.667,0.5,1.5,2,0,0,0,0.5,1,4
Oscar Tshiebwe,25,UTA,C,4,0,13.5,1,1.5,0.667,0,0,,1,1.5,0.667,0.667,2,2.5,0.8,1.8,4,5.8,0.3,1.3,0,0.3,3,4
Jabari Walker,22,POR,SF,40,1,10.9,1.5,3.2,0.48,0.3,1.1,0.286,1.2,2.1,0.576,0.528,0.7,1,0.675,0.8,2.5,3.3,0.5,0.6,0.1,0.5,1.3,4
Cody Williams,20,UTA,SG,31,12,20.4,1.4,4.4,0.314,0.5,2.3,0.239,0.8,2.1,0.394,0.376,0.7,0.9,0.724,0.5,1.6,2.2,1.2,0.5,0.4,0.9,1.8,4
Olivier-Maxence Prosper,22,DAL,PF,47,4,11,1.4,3.4,0.409,0.2,1,0.217,1.2,2.4,0.487,0.44,0.9,1.4,0.636,0.9,1.5,2.5,0.8,0.5,0.1,0.3,0.6,3.9
Dalen Terry,22,CHI,SG,50,1,12.4,1.4,3.1,0.458,0.4,1.2,0.345,1,1.9,0.526,0.523,0.7,1,0.673,0.6,0.9,1.5,1.2,0.5,0.2,0.7,1.5,3.9
Jeenathan Williams,25,HOU,SG,7,0,5.6,1.7,2.6,0.667,0.4,1,0.429,1.3,1.6,0.818,0.75,0,0,,0.1,0.6,0.7,0.6,0.4,0.4,0.6,0.4,3.9
Orlando Robinson,24,TOR,C,22,2,11.5,1.4,3.4,0.405,0.1,0.7,0.188,1.2,2.6,0.466,0.426,0.9,1.2,0.769,1.1,1.9,3,1.2,0.3,0.2,0.7,1.5,3.8
Andre Jackson Jr.,23,MIL,SG,53,43,16.8,1.5,3.3,0.469,0.5,1.3,0.386,1,2,0.524,0.546,0.2,0.3,0.556,1.1,2,3.1,1.4,0.6,0.2,1,2,3.8
Pelle Larsson,23,MIA,SG,36,1,12.6,1.3,2.9,0.453,0.5,1.5,0.34,0.8,1.5,0.566,0.538,0.6,0.9,0.667,0.4,1.1,1.5,0.9,0.4,0.1,0.4,1.7,3.8
Micah Potter,26,UTA,C,25,9,16.9,1.3,3,0.427,0.9,2.4,0.373,0.4,0.6,0.625,0.573,0.4,0.4,0.9,1,2.9,3.9,0.7,0.2,0.4,0.7,1.3,3.8
Gui Santos,22,GSW,PF,32,1,12.8,1.3,2.8,0.451,0.7,1.9,0.383,0.6,1,0.581,0.577,0.5,0.7,0.696,1.2,1.8,3,1.2,0.4,0.2,0.7,1.6,3.8
Brandon Williams,25,DAL,PG,20,0,8.6,1.3,2.8,0.446,0.5,1.2,0.435,0.8,1.7,0.455,0.536,0.8,1,0.789,0.1,0.7,0.8,1.2,0.3,0.1,0.7,0.6,3.8
Patty Mills,36,LAC,PG,21,0,13.1,1.3,3.9,0.333,0.9,3,0.29,0.4,0.9,0.474,0.444,0.3,0.3,0.857,0.1,0.9,1,1.1,0.6,0.1,0.8,0.7,3.7
Ousmane Dieng,21,OKC,C,30,0,11.1,1.4,3.5,0.4,0.6,2,0.283,0.8,1.5,0.556,0.481,0.4,0.5,0.688,0.5,1.8,2.3,0.9,0.5,0.2,0.5,0.9,3.7
Damion Lee,32,PHX,SG,15,0,6.7,1.1,3.4,0.333,0.3,1.7,0.2,0.8,1.7,0.462,0.382,1.1,1.1,0.941,0.1,0.7,0.9,0.5,0.3,0,0.4,0.3,3.7
Jae'Sean Tate,29,HOU,SF,37,2,11.7,1.4,3,0.464,0.2,0.8,0.3,1.1,2.2,0.525,0.505,0.7,1.1,0.659,0.9,1.3,2.2,0.9,0.6,0.1,0.5,1.8,3.7
Steven Adams,31,HOU,C,39,2,12.4,1.4,2.7,0.529,0,0,,1.4,2.7,0.529,0.529,0.7,1.7,0.446,2.7,2.5,5.2,1,0.3,0.4,0.9,1,3.6
Jevon Carter,29,CHI,PG,26,0,7.2,1.3,3.2,0.402,0.8,2.2,0.362,0.5,0.9,0.5,0.53,0.2,0.3,0.75,0.1,0.9,1,1,0.3,0,0.3,0.3,3.6
Luka Garza,26,MIN,C,25,0,6,1.4,3,0.473,0.2,1,0.25,1.2,2,0.58,0.514,0.5,0.7,0.722,1.1,0.8,1.8,0.2,0.1,0,0.4,1,3.6
Isaac Jones,24,SAC,PF,25,0,8.7,1.5,2.3,0.655,0,0.2,0.25,1.5,2.2,0.685,0.664,0.6,1,0.538,0.6,1,1.5,0.3,0.1,0.3,0.5,1,3.6
Moses Brown,25,DAL,C,11,0,6.1,1.5,2.4,0.654,0,0,,1.5,2.4,0.654,0.654,0.4,0.5,0.667,0.6,1.5,2.2,0.2,0.3,0.2,1,0.7,3.5
Jamal Cain,25,NOP,SF,21,0,12.3,1.2,3,0.406,0.5,1.7,0.278,0.8,1.3,0.571,0.484,0.6,0.9,0.667,0.8,1.5,2.3,0.5,0.4,0.3,0.5,1.1,3.5
Devin Carter,22,SAC,PG,17,0,9.5,1.1,3.6,0.311,0.5,1.8,0.258,0.6,1.8,0.367,0.377,0.8,1.1,0.722,0.4,2,2.4,1.2,0.3,0.2,0.5,0.8,3.5
DeAndre Jordan,36,DEN,C,42,2,11.6,1.6,2.4,0.66,0,0,,1.6,2.4,0.66,0.66,0.3,0.7,0.419,1.3,3.3,4.6,0.9,0.3,0.5,0.7,1.3,3.5
Dario Šarić,30,DEN,C,14,4,14.2,1.3,3.9,0.333,0.4,1.7,0.25,0.9,2.1,0.4,0.389,0.5,0.7,0.7,1,2.5,3.5,1.6,0.5,0.1,1,1.3,3.5
Landry Shamet,27,NYK,SG,25,0,11.3,1.4,3,0.461,0.6,1.8,0.341,0.8,1.3,0.625,0.559,0.1,0.3,0.429,0.2,0.7,0.9,0.6,0.4,0.1,0.4,0.8,3.5
Terrence Shannon Jr.,24,MIN,SG,18,0,9.3,1.4,3.2,0.456,0.2,0.9,0.235,1.2,2.2,0.55,0.491,0.4,0.5,0.778,0.3,0.8,1.1,1.1,0.3,0.1,0.4,0.5,3.5
TyTy Washington Jr.,23,PHX,PG,8,0,11.1,1.4,4.3,0.324,0.4,2,0.188,1,2.3,0.444,0.368,0.4,0.5,0.75,0.5,1,1.5,1.5,0.4,0,0.3,0.1,3.5
Jeff Dowtin,27,PHI,PG,25,0,11,1.4,3.4,0.395,0.2,1,0.24,1.1,2.4,0.459,0.43,0.5,0.7,0.706,0.2,1,1.2,1.5,0.3,0.2,0.2,0.6,3.4
Bruno Fernando,26,TOR,C,17,2,8.6,1.5,2.9,0.531,0,0,,1.5,2.9,0.531,0.531,0.4,0.5,0.75,1.2,1.8,3,1.1,0.2,0.5,0.8,1.6,3.4
Oso Ighodaro,22,PHX,PF,42,2,14.4,1.5,2.6,0.574,0,0,0,1.5,2.5,0.585,0.574,0.5,0.9,0.528,0.8,2.3,3.2,1,0.4,0.4,0.5,1.5,3.4
Doug McDermott,33,SAC,SF,31,3,8.4,1.2,2.7,0.424,1,2.3,0.431,0.2,0.4,0.385,0.606,0.1,0.2,0.6,0.1,0.5,0.5,0.1,0.1,0,0.2,0.9,3.4
Reed Sheppard,20,HOU,PG,41,0,11.5,1.3,4.1,0.31,0.7,2.5,0.275,0.6,1.6,0.364,0.393,0.2,0.2,0.9,0.4,1,1.4,1,0.6,0.3,0.6,0.9,3.4
Nicolas Batum,36,LAC,PF,54,1,17.1,1.1,2.9,0.383,0.9,2.4,0.378,0.2,0.5,0.407,0.539,0.2,0.3,0.786,0.6,2.2,2.8,1.2,0.6,0.4,0.4,1.5,3.3
Jalen Pickett,25,DEN,SG,26,0,11,1.3,3,0.436,0.6,1.6,0.39,0.7,1.4,0.486,0.538,0.1,0.1,1,0.2,1,1.2,1.8,0.3,0.1,0.4,0.5,3.3
Cam Reddish,25,LAL,SF,31,8,18.1,1.2,2.8,0.43,0.4,1.5,0.289,0.8,1.3,0.585,0.506,0.5,0.8,0.615,0.5,1.5,2,0.7,1,0.3,0.4,1.4,3.3
Wendell Moore Jr.,23,CHA,SG,22,1,11.5,1.2,2.9,0.422,0.2,0.7,0.267,1,2.2,0.469,0.453,0.6,0.7,0.867,0.6,1.5,2.1,1,0.5,0.1,0.5,0.8,3.2
Elijah Harkless,24,UTA,SG,10,0,13.8,1.1,3.5,0.314,0.7,2.5,0.28,0.4,1,0.4,0.414,0.3,0.6,0.5,0.9,1.2,2.1,0.8,1,0.1,0.3,1.8,3.2
Gary Harris,30,ORL,SG,30,2,15.6,1.1,3,0.378,0.8,2.3,0.329,0.4,0.7,0.55,0.506,0.2,0.3,0.6,0.5,0.8,1.3,0.5,0.6,0.3,0.4,1,3.2
Craig Porter Jr.,24,CLE,PG,36,0,9.2,1.3,2.3,0.561,0.4,0.8,0.483,0.9,1.5,0.604,0.646,0.3,0.4,0.769,0.3,0.9,1.1,1.3,0.4,0.3,0.6,0.4,3.2
Dominick Barlow,21,ATL,SF,17,2,8.1,1.3,2.7,0.478,0.3,0.8,0.385,1,1.9,0.515,0.533,0.2,0.5,0.5,0.5,1.2,1.6,0.2,0.2,0.4,0.1,0.7,3.1
JT Thor,22,CLE,PF,9,0,4.7,1,1.7,0.6,0.3,0.7,0.5,0.7,1,0.667,0.7,0.8,0.9,0.875,0.3,0.3,0.7,0.1,0.2,0.3,0.7,0.7,3.1
Jaylon Tyson,22,CLE,SG,37,2,9.5,1.2,2.6,0.458,0.4,1,0.368,0.8,1.6,0.517,0.531,0.4,0.5,0.778,0.8,1.3,2.1,0.9,0.2,0.1,0.5,1.1,3.1
Collin Gillespie,25,PHX,PG,9,0,5,1.1,2,0.556,0.3,0.7,0.5,0.8,1.3,0.583,0.639,0.4,0.6,0.8,0.3,0.4,0.8,0.8,0.2,0.2,0.2,0.4,3
Kylor Kelley,27,DAL,C,8,1,8.4,1.3,1.6,0.769,0,0,,1.3,1.6,0.769,0.769,0.5,0.8,0.667,1,1.6,2.6,0.3,0,0.3,0.1,1,3
Maxi Kleber,33,DAL,PF,34,4,18.7,1.1,2.8,0.385,0.4,1.4,0.265,0.7,1.4,0.511,0.453,0.5,0.6,0.762,0.7,2.1,2.8,1.3,0.3,0.5,0.7,1.9,3
Taze Moore,26,POR,SG,2,0,10,1,5,0.2,0.5,2,0.25,0.5,3,0.167,0.25,0.5,1,0.5,2,2,4,0.5,1,0,1,0,3
Adem Bona,21,PHI,C,38,1,10.8,1.1,1.6,0.695,0,0,,1.1,1.6,0.695,0.695,0.7,1.2,0.636,1,1.7,2.7,0.3,0.2,0.7,0.7,1.8,2.9
Jae Crowder,34,SAC,PF,7,2,13.1,0.9,2.4,0.353,0.4,1.7,0.25,0.4,0.7,0.6,0.441,0.7,0.9,0.833,0.9,1.6,2.4,0.6,0.4,0,0.6,1.4,2.9
Taj Gibson,39,CHA,C,24,11,11.9,1.2,2.6,0.46,0,0.1,0.5,1.2,2.5,0.459,0.468,0.5,0.7,0.688,1.6,2.3,3.9,0.6,0.3,0.5,0.8,1.6,2.9
Caleb Houstan,22,ORL,SF,38,5,11.7,0.9,2.8,0.33,0.8,2.4,0.326,0.1,0.4,0.357,0.472,0.3,0.3,0.909,0.3,0.7,1,0.4,0.2,0.1,0.1,1,2.9
Tyler Smith,20,MIL,PF,15,0,5,1.1,2.3,0.5,0.5,1.3,0.4,0.6,0.9,0.643,0.618,0.1,0.3,0.5,0.3,1,1.3,0.3,0.1,0.2,0.4,0.5,2.9
Jarred Vanderbilt,25,LAL,PF,11,0,15.3,1.2,2.6,0.448,0.2,0.7,0.25,1,1.9,0.524,0.483,0.4,0.9,0.4,1.8,3.6,5.5,1.2,1.2,0.1,0.9,1.8,2.9
Blake Wesley,21,SAS,SG,34,0,8.6,1.1,2.5,0.464,0.1,0.7,0.217,1,1.8,0.557,0.494,0.5,0.7,0.739,0.2,0.5,0.7,1.8,0.4,0.1,0.8,0.5,2.9
Branden Carlson,25,OKC,C,19,0,5.6,1,2.1,0.487,0.7,1.6,0.452,0.3,0.4,0.625,0.667,0.1,0.1,1,0.3,1.1,1.4,0.3,0.1,0.3,0.2,0.6,2.8
Mason Jones,26,SAC,SG,6,0,5.2,1.2,2.2,0.538,0.2,1,0.167,1,1.2,0.857,0.577,0.3,0.5,0.667,0.3,1,1.3,1.7,0,0,0.2,0.3,2.8
Pat Spencer,28,GSW,PG,25,0,7.2,1.1,2.8,0.394,0.1,0.6,0.143,1,2.3,0.456,0.408,0.4,0.6,0.733,0.4,1,1.4,1.5,0.4,0.1,0.5,0.6,2.8
AJ Johnson,20,WAS,SG,10,0,7,1.1,2.7,0.407,0.4,1,0.4,0.7,1.7,0.412,0.481,0.1,0.2,0.5,0,0.9,0.9,1.2,0.1,0,0.5,0.5,2.7
Drew Peterson,25,BOS,PF,14,0,9.1,0.9,1.8,0.48,0.6,1.4,0.421,0.3,0.4,0.667,0.64,0.4,0.5,0.857,0.4,1.6,1.9,0.8,0.1,0.1,0.4,0.9,2.7
Zeke Nnaji,24,DEN,PF,36,2,8.6,1.1,2.2,0.494,0.2,0.8,0.214,0.9,1.4,0.647,0.532,0.3,0.4,0.6,0.4,1.1,1.4,0.3,0.3,0.4,0.2,0.9,2.6
Trey Jemison,25,LAL,C,25,0,9.7,1.1,2.1,0.519,0,0,,1.1,2.1,0.519,0.519,0.4,1,0.36,1.2,1.5,2.7,0.5,0.3,0.4,0.6,1.8,2.5
Kobe Brown,25,LAC,PF,24,0,7.8,1.1,2.3,0.481,0.2,0.8,0.211,0.9,1.5,0.629,0.519,0.2,0.2,0.8,0.6,1.4,2,0.7,0.2,0.1,0.3,0.7,2.5
John Konchar,28,MEM,SG,30,3,12.6,0.9,2.2,0.424,0.5,1.5,0.326,0.4,0.7,0.65,0.538,0.2,0.2,0.833,0.9,2.6,3.5,1,0.5,0.4,0.3,0.8,2.5
E.J. Liddell,24,CHI,PF,6,0,5.2,0.8,1.3,0.625,0.5,1,0.5,0.3,0.3,1,0.813,0.3,0.3,1,0.2,0.7,0.8,0.5,0.2,0.2,0.3,1.3,2.5
Duop Reath,28,POR,C,27,0,5.5,0.9,2.1,0.414,0.4,1.4,0.316,0.4,0.7,0.6,0.517,0.3,0.4,0.8,0.4,0.6,1,0.3,0,0.1,0.2,0.6,2.5
Jackson Rowe,28,GSW,PF,4,0,8.5,1,3,0.333,0.5,2.3,0.222,0.5,0.8,0.667,0.417,0,0.5,0,0,1.8,1.8,0.8,0.8,0,0,1,2.5
Delon Wright,32,NYK,PG,29,2,14.4,0.8,2.9,0.274,0.4,1.7,0.24,0.4,1.2,0.324,0.345,0.4,0.7,0.55,0.5,1.1,1.6,1.7,0.8,0.3,0.5,0.6,2.4
Johnny Davis,22,WAS,SG,34,0,7.1,0.9,2.3,0.41,0.2,0.9,0.241,0.7,1.4,0.51,0.455,0.3,0.4,0.6,0.3,0.8,1.1,0.3,0.4,0.2,0.2,0.5,2.4
Josh Minott,22,MIN,SF,34,0,6.6,0.9,2.1,0.451,0.2,0.9,0.226,0.7,1.2,0.625,0.5,0.3,0.4,0.846,0.3,0.8,1.1,0.4,0.4,0.3,0.2,0.8,2.4
Markieff Morris,35,LAL,PF,10,0,6.1,0.8,3.2,0.25,0.5,2,0.25,0.3,1.2,0.25,0.328,0.2,0.2,1,0,0.9,0.9,0.7,0.1,0.1,0.3,0.5,2.3
Vlatko Čančar,27,DEN,PF,4,0,8.5,1,1.8,0.571,0.3,0.5,0.5,0.8,1.3,0.6,0.643,0,0,,0.8,1.3,2,0,0,0.3,0.5,1,2.3
Lester Quiñones,24,PHI,SG,4,0,4.3,1,2,0.5,0,0.8,0,1,1.3,0.8,0.5,0.3,0.3,1,0.8,0.3,1,0.3,0,0,1,0,2.3
Rayan Rupert,20,POR,SG,38,0,7.9,0.8,2.1,0.4,0.3,0.9,0.278,0.6,1.2,0.5,0.463,0.4,0.5,0.75,0.6,0.7,1.2,0.5,0.2,0.1,0.5,0.6,2.3
MarJon Beauchamp,24,LAC,SF,29,0,4.8,0.8,1.9,0.407,0.3,0.8,0.375,0.4,1,0.433,0.491,0.4,0.6,0.688,0.3,0.9,1.2,0.3,0.1,0,0.5,0.4,2.2
Kessler Edwards,24,DAL,SF,28,8,11.4,0.9,2.2,0.419,0.3,0.9,0.269,0.7,1.3,0.528,0.476,0.1,0.1,1,0.4,1.9,2.4,0.9,0.4,0.4,0.3,1.2,2.2
Dillon Jones,23,OKC,SF,36,0,9,0.8,2.4,0.333,0.3,1.3,0.208,0.5,1.1,0.487,0.391,0.3,0.6,0.55,0.6,1.4,2,1,0.2,0.1,0.4,1,2.2
Kai Jones,24,LAC,C,28,0,7.4,0.9,1.3,0.722,0,0.1,0,0.9,1.2,0.765,0.722,0.3,0.4,0.75,0.5,1.1,1.6,0.4,0.2,0.5,0.4,0.8,2.2
Christian Koloko,24,LAL,C,29,0,8.5,1,1.5,0.651,0,0.1,0,1,1.4,0.683,0.651,0.2,0.3,0.875,1,1.2,2.2,0.4,0.2,0.3,0.2,1.1,2.2
A.J. Lawson,24,TOR,SG,5,0,3.2,0.8,1.6,0.5,0.4,1,0.4,0.4,0.6,0.667,0.625,0.2,0.6,0.333,0.2,0.6,0.8,0,0,0,0,0,2.2
Patrick Baldwin Jr.,22,WAS,SF,22,0,4.6,0.8,1.5,0.515,0.5,1,0.524,0.3,0.5,0.5,0.682,0.1,0.2,0.5,0.2,0.8,1,0.1,0.1,0.1,0.2,0.2,2.1
Chris Duarte,27,CHI,SG,17,0,4.4,0.7,1.5,0.462,0.4,0.9,0.4,0.4,0.6,0.545,0.577,0.4,0.5,0.75,0.3,0.9,1.2,0.5,0,0,0.1,0.4,2.1
Pete Nance,24,PHI,C,7,0,9.7,0.7,2.1,0.333,0.6,1.7,0.333,0.1,0.4,0.333,0.467,0.1,0.3,0.5,0.3,1.1,1.4,0.4,0.1,0,0,1.4,2.1
Hunter Tyson,24,DEN,PF,40,0,7.7,0.7,1.9,0.365,0.4,1.2,0.306,0.3,0.6,0.48,0.466,0.4,0.6,0.696,0.4,1.2,1.5,0.4,0.1,0.1,0.3,0.9,2.1
Reece Beekman,23,BKN,PG,23,0,10,0.8,2.3,0.352,0.2,0.9,0.19,0.7,1.4,0.455,0.389,0.2,0.4,0.556,0.2,0.4,0.7,1.3,0.6,0.1,0.5,0.7,2
Keion Brooks Jr.,24,NOP,SF,2,0,5,0.5,1,0.5,0,0.5,0,0.5,0.5,1,0.5,1,2,0.5,0.5,1,1.5,0.5,0,0,0,0.5,2
Yuri Collins,23,GSW,PG,1,0,6,1,3,0.333,0,0,,1,3,0.333,0.333,0,0,,1,1,2,1,1,0,0,3,2
Jalen Hood-Schifino,21,LAL,SG,2,0,7,0.5,0.5,1,0,0,,0.5,0.5,1,1,1,1,1,0.5,0,0.5,0.5,0,0.5,0.5,1.5,2
Alex Reese,25,OKC,PF,1,0,2,1,1,1,0,0,,1,1,1,1,0,0,,1,0,1,0,0,0,0,0,2
Adama Sanogo,22,CHI,C,4,0,5.3,1,1.8,0.571,0,0,,1,1.8,0.571,0.571,0,0,,1.3,0.3,1.5,0.3,0,0,0.3,0.3,2
Jaden Springer,22,UTA,SG,28,0,5.6,0.5,1.3,0.405,0.3,0.7,0.35,0.3,0.6,0.471,0.5,0.6,0.8,0.739,0.2,0.8,0.9,0.4,0.4,0,0.2,0.6,1.9
Pacome Dadiet,19,NYK,SG,14,0,6.8,0.6,1.9,0.333,0.4,1.2,0.353,0.2,0.7,0.3,0.444,0.1,0.2,0.667,0,1,1,0.4,0.2,0.1,0.1,0.4,1.9
Cory Joseph,33,ORL,PG,32,0,7.3,0.7,1.9,0.355,0.5,1.3,0.349,0.2,0.6,0.368,0.476,0.1,0.1,0.5,0.2,0.5,0.7,0.8,0.3,0.1,0.3,0.6,1.9
Jordan McLaughlin,28,SAS,PG,31,0,6.3,0.5,1.5,0.378,0.4,0.9,0.407,0.2,0.6,0.333,0.5,0.4,0.5,0.688,0.1,0.5,0.7,0.8,0.4,0,0.4,0.5,1.8
Cam Christie,19,LAC,SG,6,0,5.2,0.7,2,0.333,0.3,1.3,0.25,0.3,0.7,0.5,0.417,0.2,0.3,0.5,0.2,0.8,1,0.3,0.3,0,0.3,0.3,1.8
Anthony Gill,32,WAS,PF,38,0,5.7,0.6,1.2,0.511,0.2,0.4,0.375,0.4,0.8,0.586,0.578,0.4,0.7,0.607,0.2,0.7,0.8,0.2,0.2,0.1,0.2,0.5,1.8
Tyler Kolek,23,NYK,PG,29,0,5.1,0.6,1.6,0.383,0.4,1,0.393,0.2,0.7,0.368,0.5,0.2,0.2,1,0.1,0.4,0.5,0.8,0.2,0,0.3,0.4,1.8
Leonard Miller,21,MIN,SF,8,0,2.8,0.4,1.5,0.25,0,0.6,0,0.4,0.9,0.429,0.25,1,1,1,0.4,0.9,1.3,0,0.1,0.1,0.3,0.3,1.8
David Duke Jr.,25,SAS,SG,3,0,5,0.7,2.3,0.286,0,0.3,0,0.7,2,0.333,0.286,0.3,0.7,0.5,0,0.7,0.7,0.7,0,0,0.3,0.3,1.7
Enrique Freeman,24,IND,PF,19,1,7.3,0.6,1.3,0.48,0.1,0.3,0.167,0.6,1,0.579,0.5,0.4,0.7,0.538,0.3,0.7,1,0.4,0.1,0.1,0.3,0.9,1.7
Johnny Furphy,20,IND,SG,36,0,6.9,0.6,1.6,0.368,0.3,0.9,0.344,0.3,0.7,0.4,0.465,0.3,0.3,1,0.5,0.6,1.1,0.3,0.3,0.2,0.3,0.7,1.7
Ariel Hukporti,22,NYK,C,24,0,8.4,0.7,1.1,0.654,0,0,,0.7,1.1,0.654,0.654,0.3,0.5,0.462,0.5,1.5,2,0.5,0,0.6,0.8,1.2,1.7
Keshad Johnson,23,MIA,SF,10,0,5.7,0.7,1.2,0.583,0.1,0.4,0.25,0.6,0.8,0.75,0.625,0.1,0.6,0.167,0.2,1.5,1.7,0.3,0.1,0.4,0.3,0.5,1.6
Bryce McGowens,22,POR,SG,8,0,2.6,0.5,0.9,0.571,0,0.3,0,0.5,0.6,0.8,0.571,0.6,0.8,0.833,0.1,0,0.1,0.1,0.1,0,0.4,0.3,1.6
JeriCHA Sims,26,MIL,C,42,5,11.2,0.7,1.1,0.604,0,0,,0.7,1.1,0.604,0.604,0.2,0.3,0.615,1.3,2,3.3,0.6,0.2,0.3,0.6,1.2,1.6
Tristan Thompson,33,CLE,C,30,0,7.6,0.7,1.6,0.429,0,0.1,0,0.7,1.5,0.457,0.429,0.2,0.7,0.227,0.6,2.3,2.9,0.7,0,0.3,0.4,0.9,1.6
Armel Traoré,22,LAL,SF,9,0,7.4,0.7,2.1,0.316,0,0.8,0,0.7,1.3,0.5,0.316,0.2,0.8,0.286,0.2,1.4,1.7,0.1,0.4,0.2,0.3,0.7,1.6
Jazian Gortman,21,DAL,PG,16,0,3.6,0.6,1.4,0.391,0.3,0.7,0.364,0.3,0.8,0.417,0.478,0.1,0.3,0.5,0.1,0.3,0.3,0.4,0.1,0.1,0.3,0.6,1.5
Quincy Olivari,23,LAL,PG,2,0,5,0.5,2.5,0.2,0.5,2.5,0.2,0,0,,0.3,0,0,,0,0,0,0.5,0,0,0.5,0,1.5
Dwight Powell,33,DAL,C,33,0,7.6,0.4,0.5,0.778,0,0,1,0.4,0.5,0.765,0.806,0.6,0.9,0.667,0.7,1.1,1.8,0.7,0.4,0.5,0.2,1.2,1.5
Matt Ryan,27,NYK,SF,19,0,3.6,0.5,1.6,0.323,0.3,1,0.316,0.2,0.6,0.333,0.419,0.1,0.1,1,0,0.4,0.4,0.2,0.1,0,0.2,0.1,1.5
Jordan Walsh,20,BOS,PF,38,1,7.5,0.5,1.5,0.357,0.3,1,0.282,0.2,0.4,0.529,0.455,0.2,0.3,0.583,0.3,0.7,1.1,0.3,0.2,0.2,0.2,0.5,1.5
Colin Castleton,24,MEM,C,10,0,4.6,0.2,1,0.2,0,0.4,0,0.2,0.6,0.333,0.2,1,1.1,0.909,0.3,0.6,0.9,0,0.1,0.1,0.1,0.6,1.4
Alex Ducas,24,OKC,SG,16,0,4.6,0.5,1.4,0.364,0.4,1,0.438,0.1,0.4,0.167,0.523,0,0,,0.3,0.6,0.9,0.1,0.1,0,0.1,0.3,1.4
Adam Flagler,25,OKC,SG,22,0,4.2,0.5,2.5,0.218,0.3,2,0.159,0.2,0.5,0.455,0.282,0,0,,0.1,0.2,0.4,0,0.2,0.1,0,0.4,1.4
Bronny James,20,LAL,SG,17,0,4.2,0.4,1.6,0.25,0.2,0.8,0.231,0.2,0.9,0.267,0.304,0.4,0.5,0.667,0.1,0.4,0.4,0.5,0.2,0.1,0.3,0.4,1.4
Alex Len,31,LAL,C,39,3,7.5,0.6,1.2,0.522,0,0.2,0.167,0.6,1,0.575,0.533,0.2,0.3,0.538,0.7,1.2,1.9,0.8,0.2,0.5,0.3,1,1.4
Sidy Cissoko,20,SAS,SF,17,0,3.2,0.5,1.1,0.5,0.2,0.4,0.429,0.4,0.6,0.545,0.583,0.1,0.4,0.167,0.2,0.4,0.6,0.4,0.1,0,0.1,0.4,1.3
Jack McVeigh,28,HOU,PF,6,0,3.5,0.5,1.8,0.273,0.3,1.3,0.25,0.2,0.5,0.333,0.364,0,0,,0.2,0.5,0.7,0.2,0,0.2,0.2,0.2,1.3
JD Davison,22,BOS,PG,5,0,4.8,0.4,1,0.4,0.2,0.6,0.333,0.2,0.4,0.5,0.5,0.2,0.4,0.5,0,0.4,0.4,0.2,0.2,0,1.2,0.2,1.2
Yuki Kawamura,23,MEM,PG,20,0,3.2,0.4,1.1,0.364,0.2,0.8,0.25,0.2,0.3,0.667,0.455,0.2,0.3,0.667,0,0.4,0.4,0.7,0.1,0,0.2,0.4,1.2
Chris Livingston,21,MIL,SF,12,1,4.8,0.4,1.1,0.385,0,0.3,0,0.4,0.8,0.556,0.385,0.3,0.5,0.667,0.5,1.1,1.6,0.1,0.3,0,0.4,0.3,1.2
Colby Jones,22,SAC,SG,24,0,5.4,0.5,1.1,0.423,0.2,0.4,0.4,0.3,0.7,0.438,0.5,0,0,,0.3,0.6,1,0.3,0.3,0.3,0.3,0.5,1.1
Trey Alexander,21,DEN,SG,18,0,4.4,0.4,1.3,0.292,0.1,0.6,0.2,0.3,0.8,0.357,0.333,0.1,0.1,1,0,0.5,0.5,0.4,0.1,0.1,0.2,0.4,1
Isaiah Crawford,23,SAC,SF,5,0,3.6,0.4,0.8,0.5,0,0.2,0,0.4,0.6,0.667,0.5,0.2,0.4,0.5,0,1,1,0,0,0,0,0.2,1
PJ Hall,22,DEN,C,15,0,3.1,0.4,0.9,0.429,0,0.3,0,0.4,0.6,0.667,0.429,0.2,0.3,0.75,0.3,0.8,1.1,0.2,0,0.1,0.1,0.4,1
Emoni Bates,21,CLE,SF,7,0,3.9,0.3,2,0.143,0.3,1.6,0.182,0,0.4,0,0.214,0,0,,0,0,0,0.6,0.1,0,0,0.3,0.9
Joe Ingles,37,MIN,SF,16,0,6.4,0.4,1.2,0.316,0.2,0.8,0.25,0.2,0.4,0.429,0.395,0,0,,0.1,0.6,0.7,1.3,0.1,0,0.4,0.6,0.9
Xavier Tillman Sr.,26,BOS,C,27,1,7.3,0.4,1.5,0.244,0.1,0.9,0.174,0.2,0.7,0.333,0.293,0,0.1,0.5,0.3,1,1.3,0.3,0.3,0.2,0.3,0.6,0.9
Luke Travers,23,CLE,SG,9,0,6.1,0.3,1.2,0.273,0,0.4,0,0.3,0.8,0.429,0.273,0.2,0.2,1,0.6,0.8,1.3,0.6,0.1,0.1,0.6,0.4,0.9
Jaylen Martin,21,WAS,SF,4,0,1.8,0.3,1,0.25,0.3,0.3,1,0,0.8,0,0.375,0,0,,0.3,0.3,0.5,0,0,0,0,0.3,0.8
Jared Rhoden,25,TOR,SG,5,0,2.6,0.4,1.8,0.222,0,0.4,0,0.4,1.4,0.286,0.222,0,0,,0.4,0.4,0.8,0.4,0.2,0,0.2,0.2,0.8
Jalen Bridges,23,PHX,SF,5,0,5,0.2,0.8,0.25,0.2,0.8,0.25,0,0,,0.375,0.2,0.4,0.5,0,0.6,0.6,0,0,0,0.8,0,0.8
D.J. Carton,24,TOR,SG,4,0,8.3,0.3,1.8,0.143,0,0.8,0,0.3,1,0.25,0.143,0.3,0.3,1,0,1,1,0.8,0.5,0,1,0.3,0.8
Josh Christopher,23,MIA,SG,8,0,3.5,0.3,0.9,0.286,0,0.1,0,0.3,0.8,0.333,0.286,0.3,0.5,0.5,0,0.4,0.4,0.5,0,0.1,0.5,0.1,0.8
RayJ Dennis,23,IND,PG,6,0,1.8,0.2,0.5,0.333,0.2,0.5,0.333,0,0,,0.5,0.3,0.3,1,0.2,0.3,0.5,0.2,0.3,0,0.3,0.2,0.8
PJ Dozier,28,MIN,SG,9,0,3.9,0.2,0.3,0.667,0.2,0.3,0.667,0,0,,1,0.1,0.7,0.167,0.1,0.4,0.6,0.6,0.1,0,0.1,0.3,0.8
James Johnson,37,IND,PF,10,0,3.2,0.4,0.9,0.444,0,0.3,0,0.4,0.6,0.667,0.444,0,0.1,0,0,0.5,0.5,0.4,0,0.2,0.4,0.4,0.8
Maxwell Lewis,22,BKN,SF,10,0,3.4,0.3,0.8,0.375,0.1,0.1,1,0.2,0.7,0.286,0.438,0,0,,0.2,0.1,0.3,0.2,0.1,0,0.2,0.1,0.7
Ulrich CHAmche,19,TOR,PF,7,0,4.6,0.3,0.7,0.4,0,0,,0.3,0.7,0.4,0.4,0.1,0.3,0.5,0.6,0.6,1.1,0.3,0,0.1,0.3,0.7,0.7
Liam Robbins,25,MIL,C,13,0,4.4,0.2,0.6,0.25,0,0.2,0,0.2,0.5,0.333,0.25,0.4,0.8,0.5,0.5,0.4,0.9,0.2,0.2,0.2,0.5,0.7,0.7
Baylor Scheierman,24,BOS,SG,13,0,5.7,0.2,1.5,0.158,0.1,1.1,0.071,0.2,0.4,0.4,0.184,0.2,0.2,1,0.2,1.2,1.4,0.5,0.2,0,0.1,0.5,0.7
Cui Yongxi,21,BKN,SG,5,0,2,0.2,1.4,0.143,0,0.6,0,0.2,0.8,0.25,0.143,0.2,0.4,0.5,0,0.4,0.4,0,0,0,0,0,0.6
Garrett Temple,38,TOR,SG,17,0,3.9,0.2,0.9,0.2,0.1,0.4,0.143,0.1,0.5,0.25,0.233,0.2,0.2,1,0.1,0.5,0.6,0.6,0.4,0.1,0.2,0.4,0.6
Stanley Umude,25,MIL,SG,19,0,3.2,0.2,1.1,0.2,0.1,0.6,0.182,0.1,0.5,0.222,0.25,0.1,0.2,0.5,0.2,0.5,0.7,0.1,0.2,0.1,0.1,0.3,0.6
Spencer Jones,23,DEN,SF,11,0,2.7,0.2,0.8,0.222,0.1,0.5,0.167,0.1,0.3,0.333,0.278,0,0,,0.2,0.3,0.5,0,0.3,0,0.2,0.4,0.5
Tristen Newton,23,MIN,SG,8,0,2,0.1,1,0.125,0,0.4,0,0.1,0.6,0.2,0.125,0.1,0.1,1,0.3,0.3,0.5,0.3,0.1,0,0.3,0.5,0.4
Jacob Toppin,24,NYK,SF,16,0,3.1,0.2,0.6,0.3,0,0.1,0,0.2,0.5,0.375,0.3,0,0,,0.1,0.6,0.7,0.3,0.1,0,0.1,0.2,0.4
Malevy Leons,25,OKC,SF,6,0,3.5,0,0.3,0,0,0.2,0,0,0.2,0,0,0.3,0.7,0.5,0.2,0.3,0.5,0.2,0,0,0.2,0.7,0.3
Daishen Nix,22,MIN,PG,3,0,4.3,0,0.3,0,0,0.3,0,0,0,,0,0.3,0.7,0.5,0,1.3,1.3,1,0,0,1.3,0.3,0.3
Harrison Ingram,22,SAS,SF,2,0,5.5,0,1,0,0,0.5,0,0,0.5,0,0,0,0,,0,1,1,0,0,0,0,0.5,0
Daniss Jenkins,23,DET,PG,4,0,2,0,1,0,0,1,0,0,0,,0,0,0,,0,0,0,0,0,0,0.3,0.3,0
Bobi Klintman,21,DET,SF,3,0,2.7,0,0.7,0,0,0.3,0,0,0.3,0,0,0,0,,0,0.7,0.7,0.3,0,0,0,0.7,0
Mac McClung,26,ORL,SG,1,0,5,0,0,,0,0,,0,0,,,0,0,,0,1,1,2,0,0,0,0,0
Jalen McDaniels,27,WAS,SF,1,0,6,0,0,,0,0,,0,0,,,0,0,,0,0,0,1,1,0,0,0,0
Justin Minaya,25,POR,SF,6,0,3,0,0.2,0,0,0,,0,0.2,0,0,0,0,,0.3,0.2,0.5,0.3,0.2,0,0,0.5,0
Riley Minix,24,SAS,SF,1,0,7,0,1,0,0,1,0,0,0,,0,0,0,,0,2,2,0,0,0,0,0,0
Jahlil Okafor,29,IND,C,1,0,3,0,0,,0,0,,0,0,,,0,0,,0,1,1,1,0,0,0,0,0
Chuma Okeke,26,PHI,PF,1,0,2,0,0,,0,0,,0,0,,,0,0,,0,1,1,0,0,0,0,0,0
Zyon Pullin,23,MEM,SG,3,0,1,0,0.3,0,0,0,,0,0.3,0,0,0,0,,0,0,0,0,0,0,0,0,0
Cole Swider,25,DET,SF,2,0,6.5,0,2.5,0,0,2.5,0,0,0,,0,0,0,,0,1,1,0.5,0,0,0,0.5,0
Lonnie Walker IV,26,PHI,SG,1,0,10,0,3,0,0,3,0,0,0,,0,0,0,,0,2,2,0,0,0,0,0,0