Rk,Player,Team,2024-25,2025-26,2026-27,2027-28,2028-29,2029-30,Guaranteed,years
1,Stephen Curry,GSW,55761216,59606817,62587158,,,,177955191,3
2,Joel Embiid,PHI,51415938,55224526,57985752,62624612,67263472,,227250828,5
3,Nikola Jokić,DEN,51415938,55224526,59033114,62841702,,,165673578,4
4,Kevin Durant,PHX,51179021,54708609,,,,,105887630,2
5,Bradley Beal,PHX,50203930,53666270,57128610,,,,103870200,3
6,Jaylen Brown,BOS,49205800,53142264,57078728,61015192,64951656,,2375798559,5
7,Devin Booker,PHX,49205800,53142264,57078728,61015192,,,220441984,4
8,Karl-Anthony Towns,NYK,49205800,53142264,57078728,61015192,,,159426792,4
9,Paul George,PHI,49205800,51666090,54126380,56586670,,,154998270,4
10,Kawhi Leonard,LAC,49205800,50000000,50300000,,,,149505800,3
11,Jimmy Butler,GSW,48798677,54126450,56832773,,,,159757900,3
12,Giannis Antetokounmpo,MIL,48787676,54126450,58456566,62786682,,,161370692,4
13,Damian Lillard,MIL,48787676,54126450,58456566,,,,102914126,3
14,LeBron James,LAL,48728845,52627153,,,,,48728845,2
15,Zach LaVine,SAC,44531940,47499660,48967380,,,,92031600,3
16,Rudy Gobert,MIN,43827586,35000000,36500000,38000000,,,115327586,4
17,Anthony Davis,DAL,43219440,54126450,58456566,62786682,,,155802456,4
18,Luka Dončić,LAL,43031940,45999660,48967380,,,,89031600,3
19,Trae Young,ATL,43031940,45999660,48967380,,,,89031600,3
20,Fred VanVleet,HOU,42846615,44886930,,,,,42846615,2
21,Anthony Edwards,MIN,42176400,45550512,48924624,52298736,55672848,,244623120,5
22,Tyrese Haliburton,IND,42176400,45550512,48924624,52298736,55672848,,244623120,5
23,Lauri Markkanen,UTA,42176400,46394100,46113154,49824681,53536209,,238044544,5
24,Pascal Siakam,IND,42176400,45550512,48924624,52298736,,,188950272,4
25,Kyrie Irving,DAL,41000000,43962963,,,,,41000000,2
26,Domantas Sabonis,SAC,40500000,43636000,46772000,49908000,,,180816000,4
27,Ben Simmons,BKN,40011909,,,,,,39256083,1
28,Zion Williamson,NOP,36725670,39446090,42166510,44886930,,,163225200,4
29,Ja Morant,MEM,36725670,39446090,42166510,44886930,,,163225200,4
30,Darius Garland,CLE,36725670,39446090,42166510,44886930,,,163225200,4
31,OG Anunoby,NYK,36637932,39568966,42500000,45431034,48362068,,164137932,5
32,Jamal Murray,DEN,36016200,46394100,50105628,53817156,57528684,,243861768,5
33,Brandon Ingram,TOR,36016200,38095238,40000000,41904762,,,114111438,4
34,Shai Gilgeous-Alexander,OKC,35859950,38333050,40806150,,,,114999150,3
35,Michael Porter Jr.,DEN,35859950,38333050,40806150,,,,86193000,3
36,Donovan Mitchell,CLE,35410310,46394100,50105628,53817156,,,131910038,4
37,Tyrese Maxey,PHI,35147000,37958760,40770520,43582280,46394040,,203852600,5
38,LaMelo Ball,CHA,35147000,37958760,40770520,43582280,46394040,,203852600,5
39,Jayson Tatum,BOS,34848340,54126450,58456566,62786682,67116798,71446914,277334836,6
40,Bam Adebayo,MIA,34848340,37096620,48713700,52610796,56507892,,173269456,5
41,De'Aaron Fox,SAS,34848340,37096620,,,,,71944960,2
42,Desmond Bane,MEM,34005250,36725670,39446090,42166510,44886930,,197230450,5
43,Deandre Ayton,POR,34005126,35550814,,,,,69555940,2
44,James Harden,LAC,33653846,36346154,,,,,33653846,2
45,CJ McCollum,NOP,33333333,30666666,,,,,63999999,2
46,Julius Randle,MIN,33073920,30935520,,,,,33073920,2
47,Immanuel Quickley,TOR,32500000,32500000,32500000,32500000,32500000,,162500000,5
48,Khris Middleton,WAS,31000000,33296296,,,,,31000000,2
49,Jrue Holiday,BOS,30000000,32400000,34800000,37200000,,,97200000,4
50,Isaiah Hartenstein,OKC,30000000,28500000,28500000,,,,58500000,3
51,Jerami Grant,POR,29793104,32000001,34206898,36413790,,,96000003,4
52,Jordan Poole,WAS,29651786,31848215,34044642,,,,95544643,3
53,Dejounte Murray,NOP,29517135,31557103,33597072,31619506,,,94671310,4
54,Devin Vassell,SAS,29347826,27000000,27000000,24652174,27000000,,135000000,5
55,Kristaps Porziņģis,BOS,29268293,30731707,,,,,60000000,2
56,Tyler Herro,MIA,29000000,31000000,33000000,,,,93000000,3
57,Nic Claxton,BKN,27556817,25352272,23147727,20943184,,,97000000,4
58,Miles Bridges,CHA,27173913,25000000,22826087,,,,75000000,3
59,John Collins,UTA,26580000,26580000,,,,,26580000,2
60,Andrew Wiggins,MIA,26276786,28223215,30169644,,,,54500001,3
61,Anfernee Simons,POR,25892857,27678571,,,,,53571428,2
62,RJ Barrett,TOR,25794643,27705357,29616071,,,,83116071,3
63,Tobias Harris,DET,25365854,26634146,,,,,52000000,2
64,Jaren Jackson Jr.,MEM,25257798,23413395,,,,,48671193,2
65,Jonathan Isaac,ORL,25000000,15000000,14500000,14500000,15000000,,69000000,5
66,Jalen Brunson,NYK,24960001,34944001,37739521,40535041,43330561,,138178564,5
67,Terry Rozier,MIA,24924126,26643031,,,,,51567157,2
68,Kyle Kuzma,MIL,24456061,22410605,20345152,,,,67211818,3
69,Draymond Green,GSW,24107143,25892857,27678571,,,,77678571,3
70,DeMar DeRozan,SAC,23400000,24570000,25740000,,,,47970000,3
71,Mikal Bridges,NYK,23300000,24900000,,,,,48200000,2
72,Jaden McDaniels,MIN,23017242,24858622,26700001,28541380,30382755,,133500000,5
73,Bruce Brown,NOP,23000000,,,,,,23000000,1
74,Brook Lopez,MIL,23000000,,,,,,23000000,1
75,Aaron Gordon,DEN,22841455,22841455,31978037,34536280,37094523,,112197227,5
76,Kentavious Caldwell-Pope,ORL,22757000,21621500,21621500,,,,44378500,3
77,Cameron Johnson,BKN,22500000,20543478,22500000,,,,65543478,3
78,Malcolm Brogdon,WAS,22500000,,,,,,22500000,1
79,Clint Capela,ATL,22265280,,,,,,22265280,1
80,Dillon Brooks,HOU,22255493,21124110,19992727,,,,63372330,3
81,De'Andre Hunter,CLE,21696429,23303571,24910714,,,,69910714,3
82,Lonzo Ball,CHI,21395348,10000000,10000000,,,,31395348,3
83,Marcus Smart,WAS,20210284,21586855,,,,,41797139,2
84,Derrick White,BOS,20071429,28100000,30348000,32596000,34844000,,111115429,5
85,Jarrett Allen,CLE,20000000,20000000,28000000,30240000,32480000,,130720000,5
86,Nikola Vučević,CHI,20000000,21481481,,,,,41481481,2
87,Myles Turner,IND,19928500,,,,,,19928500,1
88,Jakob Poeltl,TOR,19500000,19500000,19500000,,,,39000000,3
89,Duncan Robinson,MIA,19406000,19888000,,,,,29294000,2
90,Norman Powell,LAC,19241379,20482758,,,,,39724137,2
91,Bojan Bogdanović,BKN,19032850,,,,,,19032850,1
92,Keldon Johnson,SAS,19000000,17500000,17500000,,,,54000000,3
93,D'Angelo Russell,BKN,18692307,,,,,,18692307,1
94,Collin Sexton,UTA,18350000,19175000,,,,,37525000,2
95,Josh Hart,NYK,18144000,19472240,20923760,22375280,,,58540000,4
96,Jusuf Nurkić,CHA,18125000,19375000,,,,,37500000,2
97,Patrick Williams,CHI,18000000,18000000,18000000,18000000,18000000,,72000000,5
98,Harrison Barnes,SAS,18000000,19000000,,,,,37000000,2
99,Malik Monk,SAC,17405203,18797619,20190035,21582451,,,56392857,4
100,Bogdan Bogdanović,LAC,17260000,16020000,16020000,,,,33280000,3
101,Rui Hachimura,LAL,17000000,18259259,,,,,35259259,2
102,Kevin Huerter,CHI,16830357,17991071,,,,,34821428,2
103,Zach Collins,CHI,16741200,18080496,,,,,34821696,2
104,Caris LeVert,ATL,16615384,,,,,,16615384,1
105,Luguentz Dort,OKC,16500000,17722222,17722222,,,,34222222,3
106,Tim Hardaway Jr.,DET,16193183,,,,,,16193183,1
107,Klay Thompson,DAL,15873016,16666667,17460317,,,,50000000,3
108,Deni Avdija,POR,15625000,14375000,13125000,11875000,,,55000000,4
109,Grayson Allen,PHX,15625000,16875000,18125000,19375000,,,50625000,4
110,P.J. Washington,DAL,15500000,14152174,,,,,29652174,2
111,Max Strus,CLE,15212068,15936452,16660836,,,,47809356,3
112,Isaiah Stewart,DET,15000000,15000000,15000000,15000000,,,45000000,4
113,Dorian Finney-Smith,LAL,14924167,15378480,,,,,14924167,2
114,Mitchell Robinson,NYK,14318182,12954546,,,,,27272728,2
115,Jordan Clarkson,UTA,14092577,14285714,,,,,28378291,2
116,Onyeka Okongwu,ATL,14000000,15000000,16120000,16880000,,,62000000,4
117,Naz Reid,MIN,13986432,15022464,,,,,13986432,2
118,Cade Cunningham,DET,13940809,38661750,41754690,44847630,47940570,51033510,238178959,6
119,Daniel Gafford,DAL,13394160,14386320,,,,,27780480,2
120,Grant Williams,CHA,13025250,13645500,14265750,,,,40936500,3
121,Dennis Schröder,DET,13025250,,,,,,13025250,1
122,Isaiah Joe,OKC,12991650,12362338,11323006,11323006,,,36676994,4
123,Herbert Jones,NOP,12976362,13937574,14898786,,,,41812722,3
124,Austin Reaves,LAL,12976362,13937574,14898786,,,,26913936,3
125,Obi Toppin,IND,12975000,14000000,15000000,16025000,,,58000000,4
126,Cole Anthony,ORL,12900000,13100000,13100000,,,,26000000,3
127,De'Anthony Melton,BKN,12822000,,,,,,12822000,1
128,Kelly Olynyk,NOP,12804878,13445122,,,,,26250000,2
129,Victor Wembanyama,SAS,12768960,13376880,16868246,,,,26145840,3
130,Josh Green,CHA,12654321,13666667,14679012,,,,41000000,3
131,Richaun Holmes,WAS,12648321,13280737,,,,,12648321,2
132,Steven Adams,HOU,12600000,,,,,,12600000,1
133,Bobby Portis,MIL,12578286,13445754,,,,,12578286,2
134,Zaccharie Risacher,ATL,12569040,13197720,13826040,17434637,,,25766760,4
135,Brandon Clarke,MEM,12500000,12500000,12500000,,,,37500000,3
136,Marvin Bagley III,MEM,12500000,,,,,,12500000,1
137,Jalen Green,HOU,12483048,33333333,36000000,36000000,,,81816381,4
138,Robert Williams,POR,12428571,13285713,,,,,25714284,2
139,Paolo Banchero,ORL,12160800,15334769,,,,,27495569,2
140,Coby White,CHI,12000000,12888889,,,,,24888889,2
141,Wendell Carter Jr.,ORL,11950000,10850000,18102000,19550160,20998320,,60452160,5
142,Ivica Zubac,LAC,11743210,18102000,19550160,20998320,,,70393690,4
143,P.J. Tucker,TOR,11539000,,,,,,11539000,1
144,Donte DiVincenzo,MIN,11445000,11990000,12535000,,,,35970000,3
145,Brandon Miller,CHA,11424600,11968800,15104626,,,,23393400,3
146,Terance Mann,ATL,11423077,15500000,15500000,16000000,,,58423077,4
147,Alex Sarr,WAS,11245680,11808240,12370680,15611798,,,23053920,4
148,Evan Mobley,CLE,11227657,38661750,41754690,44847630,47940570,51033510,235465807,6
149,Larry Nance Jr.,ATL,11205000,,,,,,11205000,1
150,Matisse Thybulle,POR,11025000,11550000,,,,,11025000,2
151,Aaron Nesmith,IND,11000000,11000000,11000000,,,,33000000,3
152,Gabe Vincent,LAL,11000000,11500000,,,,,22500000,2
153,Maxi Kleber,LAL,11000000,11000000,,,,,22000000,2
154,Moritz Wagner,ORL,11000000,11000000,,,,,11000000,2
155,Chet Holmgren,OKC,10880640,13731368,,,,,24612008,2
156,Chris Boucher,TOR,10810000,,,,,,10810000,1
157,Jarred Vanderbilt,LAL,10714286,11571429,12428571,13285714,,,34714286,4
158,Aaron Wiggins,OKC,10514017,9672897,8831776,7990655,7990655,,45000000,5
159,Chris Paul,SAS,10460000,,,,,,10460000,1
160,Scoot Henderson,POR,10259160,10748040,13585523,,,,21007200,3
161,Isaac Okoro,CLE,10185186,11000000,11814814,,,,33000000,3
162,Scottie Barnes,TOR,10130980,38661750,41754690,44847630,47940570,51033510,234369130,6
163,Reed Sheppard,HOU,10098960,10603560,11108880,14041625,,,20702520,4
164,Mike Conley,MIN,9975962,10774038,,,,,20750000,2
165,Jonas Valančiūnas,SAC,9900000,10395000,10000000,,,,20295000,3
166,Alex Caruso,OKC,9890000,18102000,19550160,20998320,22446480,,90986960,5
167,Jabari Smith Jr.,HOU,9770880,12350392,,,,,22121272,2
168,Derrick Jones Jr.,LAC,9523810,10000000,10476190,,,,30000000,3
169,Al Horford,BOS,9500000,,,,,,9500000,1
170,Pat Connaughton,MIL,9423869,9423869,,,,,9423869,2
171,Royce O'Neale,PHX,9375000,10125000,10875000,11625000,,,42000000,4
172,T.J. McConnell,IND,9300000,10200000,11000000,11800000,11800000,,42300000,5
173,Luke Kennard,MEM,9250000,,,,,,9250000,1
174,Amen Thompson,HOU,9249960,9690600,12258609,,,,18940560,3
175,Jalen Suggs,ORL,9188385,35000000,32400000,29600000,26800000,26700000,132988385,6
176,Caleb Martin,DAL,9186594,9594044,10001493,9371351,,,28782131,4
177,Gary Payton II,GSW,9130000,,,,,,9130000,1
178,StePHXn Castle,SAS,9105120,9560520,10015920,12670139,,,18665640,4
179,Tre Jones,CHI,9104167,,,,,,9104167,1
180,Goga Bitadze,ORL,9057971,8333333,7608696,,,,25000000,3
181,Zeke Nnaji,DEN,8888889,8177778,7466667,7466667,,,24533334,4
182,Keegan Murray,SAC,8809560,11144093,,,,,19953653,2
183,Buddy Hield,GSW,8780488,9219512,9658536,10097560,,,27658536,4
184,Kyle Anderson,MIA,8780488,9219512,9658536,,,,18000000,3
185,Naji Marshall,DAL,8571429,9000000,9428571,,,,27000000,3
186,Jalen Smith,CHI,8571429,9000000,9428571,,,,27000000,3
187,Georges Niang,ATL,8500000,8200000,,,,,16700000,2
188,Ausar Thompson,DET,8376000,8775000,11117925,,,,17151000,3
189,Josh Giddey,CHI,8352367,,,,,,8352367,1
190,Josh Okogie,CHA,8250000,7750000,,,,,8250000,2
191,Ron Holland,DET,8245320,8657280,9069600,11491183,,,16902600,4
192,Cody Martin,PHX,8120000,8680000,,,,,8120000,2
193,Jock Landale,HOU,8000000,8000000,8000000,,,,16000000,3
194,Trey Lyles,SAC,8000000,,,,,,8000000,1
195,Jeff Green,HOU,8000000,,,,,,8000000,1
196,Kevon Looney,GSW,8000000,,,,,,8000000,1
197,Kelly Oubre Jr.,PHI,7983000,8382150,,,,,7983000,2
198,Jaden Ivey,DET,7977240,10107163,,,,,18084403,2
199,KJ Martin,UTA,7975000,8025000,,,,,7975000,2
200,Vasilije Micić,PHX,7723000,8109150,,,,,7723000,2
201,Simone Fontecchio,DET,7692308,8307692,,,,,16000000,2
202,Jonathan Kuminga,GSW,7636307,,,,,,7636307,1
203,Anthony Black,ORL,7607760,7970280,10106316,,,,15578040,3
204,Jae'Sean Tate,HOU,7565217,,,,,,7565217,1
205,Gary Harris,ORL,7500000,7500000,,,,,7500000,2
206,Tidjane Salaün,CHA,7488720,7863240,8237880,10445633,,,15351960,4
207,Bennedict Mathurin,IND,7245720,9187573,,,,,16433293,2
208,Max Christie,DAL,7142857,7714286,8285714,8857143,,,23142857,4
209,Franz Wagner,ORL,7007092,38661750,41754690,44847630,47940570,51033510,231245242,6
210,Ayo Dosunmu,CHI,7000000,7518518,,,,,14518518,2
211,Bilal Coulibaly,WAS,6945240,7275600,9240012,,,,14220840,3
212,Donovan Clingan,POR,6836400,7178400,7519920,9550298,,,14014800,4
213,Payton Pritchard,BOS,6696429,7232143,7767857,8303571,,,30000000,4
214,Kenrich Williams,OKC,6669000,7163000,7163000,,,,13832000,3
215,Shaedon Sharpe,POR,6614160,8399983,,,,,15014143,2
216,Jevon Carter,CHI,6500000,6809524,,,,,6500000,2
217,Davion Mitchell,MIA,6451077,,,,,,6451077,1
218,Saddiq Bey,WAS,6440678,6118644,6440678,,,,19000000,3
219,Jarace Walker,IND,6362520,6665520,8478542,,,,13028040,3
220,Rob Dillingham,MIN,6262920,6576120,6889320,8763216,,,12839040,4
221,Dean Wade,CLE,6166667,6623456,,,,,6166667,2
222,John Konchar,MEM,6165000,6165000,6165000,,,,18495000,3
223,Ziaire Williams,BKN,6133005,,,,,,6133005,1
224,Dyson Daniels,ATL,6059520,7707709,,,,,13767229,2
225,Precious Achiuwa,NYK,6000000,,,,,,6000000,1
226,Malik Beasley,DET,6000000,,,,,,6000000,1
227,Chris Duarte,CHI,5893768,,,,,,5893768,1
228,Taylor Hendricks,UTA,5848680,6127080,7805900,,,,11975760,3
229,Moses Moody,GSW,5803269,11574075,12500000,13425925,,,43303269,4
230,Zach Edey,MEM,5756880,6045000,6332760,8067937,,,11801880,4
231,Corey Kispert,WAS,5705887,13975000,13975000,13050000,13050000,,46705887,5
232,Jeremy Sochan,SAS,5570040,7096231,,,,,12666271,2
233,Cason Wallace,OKC,5555880,5820240,7420806,,,,11376120,3
234,Cody Williams,UTA,5469120,5742480,6015600,7669890,,,11211600,4
235,Alperen Şengün,HOU,5424654,33944954,35642202,37339450,39036697,39036697,151387957,6
236,Johnny Davis,MEM,5291160,6746229,,,,,5291160,2
237,Jett Howard,ORL,5278320,5529720,7337939,,,,10808040,3
238,Dāvis Bertāns,CHA,5250000,,,,,,5250000,1
239,Haywood Highsmith,MIA,5200000,5616000,,,,,10816000,2
240,Matas Buzelis,CHI,5195520,5455560,5715360,7584283,,,10651080,4
241,Kris Dunn,LAC,5168000,5426400,5684800,,,,10594400,3
242,Dario Šarić,DEN,5168000,5426400,,,,,5168000,2
243,Trey Murphy III,NOP,5159854,25000000,27000000,29000000,31000000,,117159854,5
244,Ousmane Dieng,OKC,5027040,6670882,,,,,11697922,2
245,Dereck Lively II,DAL,5014560,5253360,7239131,,,,10267920,3
246,Nick Richards,PHX,5000000,5000000,,,,,5000000,2
247,Andre Drummond,PHI,5000000,5000000,,,,,5000000,2
248,Drew Eubanks,LAC,5000000,4750000,,,,,5000000,2
249,Nikola Topić,OKC,4935960,5182920,5429760,7482210,,,10118880,4
250,Tre Mann,CHA,4908373,,,,,,4908373,1
251,Jalen Williams,OKC,4775760,6580997,,,,,11356757,2
252,Gradey Dick,TOR,4763760,4990560,7131511,,,,9754320,3
253,Jalen McDaniels,SAS,4741800,,,,,,4741800,1
254,Miles McBride,NYK,4710144,4333333,3956523,,,,13000000,3
255,Devin Carter,SAC,4689000,4923720,5158080,7370897,,,9612720,4
256,Nicolas Batum,LAC,4668000,4901400,,,,,4668000,2
257,Aaron Holiday,HOU,4668000,4901400,,,,,4668000,2
258,Jalen Duren,DET,4536840,6483144,,,,,11019984,2
259,Jordan Hawkins,NOP,4525680,4741320,7021895,,,,9267000,3
260,Jalen Johnson,ATL,4510905,30000000,30000000,30000000,30000000,30000000,154510905,6
261,Carlton Carrington,WAS,4454880,4677600,4900560,7257730,,,9132480,4
262,Isaiah Jackson,IND,4435381,,,,,,4435381,1
263,Nickeil Alexander-Walker,MIN,4312500,,,,,,4312500,1
264,Ochai Agbaji,TOR,4310280,6383525,,,,,10693805,2
265,Kobe Bufkin,ATL,4299000,4503720,6904203,,,,8802720,3
266,Quentin Grimes,PHI,4296682,,,,,,4296682,1
267,Kel'el Ware,MIA,4231800,4443360,4654920,7135992,,,8675160,4
268,Bones Hyland,ATL,4158439,,,,,,4158439,1
269,Mark Williams,CHA,4094280,6276531,,,,,10370811,2
270,Keyonte George,UTA,4084200,4278960,6563925,,,,8363160,3
271,Cam Thomas,BKN,4041249,,,,,,4041249,1
272,Jared McCain,PHI,4020360,4221360,4422600,6784268,,,8241720,4
273,Jaden Springer,HOU,4018363,,,,,,4018363,1
274,Dwight Powell,DAL,4000000,4000000,,,,,4000000,2
275,Day'Ron Sharpe,BKN,3989122,,,,,,3989122,1
276,Santi Aldama,MEM,3960531,,,,,,3960531,1
277,Amir Coffey,LAC,3938271,,,,,,3938271,1
278,Jalen Hood-Schifino,UTA,3879840,,,,,,3879840,1
279,Kevin Love,MIA,3850000,4150000,,,,,8000000,2
280,Dalton Knecht,LAL,3819120,4010160,4201080,6452860,,,7829280,4
281,Tari Eason,HOU,3695160,5675766,,,,,9370926,2
282,Jaime Jaquez Jr.,MIA,3685800,3861600,5939141,,,,7547400,3
283,Tristan Da Silva,ORL,3628440,3809520,3991200,6138466,,,7437960,4
284,Brandin Podziemski,GSW,3519960,3687960,5679459,,,,7207920,3
285,Dalen Terry,CHI,3510480,5399118,,,,,8909598,2
286,Svi Mykhailiuk,UTA,3500000,3675000,3850000,4025000,,,3500000,4
287,Cody Zeller,HOU,3500000,3675000,3850000,,,,3500000,3
288,Ja'Kobe Walter,TOR,3465000,3638160,3811800,5870172,,,7103160,4
289,Cam Whitmore,HOU,3379080,3539760,5458310,,,,6918840,3
290,Jake LaRavia,SAC,3352680,5163127,,,,,3352680,2
291,Jaylon Tyson,CLE,3326160,3492480,3658560,5641500,,,6818640,4
292,Eric Gordon,PHI,3303771,3468960,,,,,3303771,2
293,Cory Joseph,ORL,3303771,3468960,,,,,3303771,2
294,Russell Westbrook,DEN,5631296,3468960,,,,,3303771,2
295,Noah Clowney,BKN,3244080,3398640,5414034,,,,6642720,3
296,Malaki Branham,SAS,3217920,4962033,,,,,8179953,2
297,Yves Missi,NOP,3193200,3353040,3512760,5595827,,,6546240,4
298,Dante Exum,DAL,3150000,,,,,,3150000,1
299,Dariq Whitehead,BKN,3114240,3262560,5366912,,,,6376800,3
300,Nassir Little,PHX,3107143,3107143,3107143,3107143,3107143,,15535715,5
301,Christian Braun,DEN,3089640,4921797,,,,,8011437,2
302,Johnny Juzang,UTA,3087519,2840518,2708000,2789215,,,3087519,4
303,DaRon Holmes,DEN,3065640,3218760,3372120,5547138,,,6284400,4
304,Josh Richardson,UTA,3051153,,,,,,3051153,1
305,Christian Wood,LAL,3036040,,,,,,3036040,1
306,Kyle Filipowski,UTA,3000000,3000000,3000000,3000000,,,6000000,4
307,Julian Champagnie,SAS,3000000,3000000,3000000,,,,3000000,3
308,Ajay Mitchell,OKC,3000000,3000000,,,,,3000000,2
309,Kris Murray,POR,2990040,3132000,5315004,,,,6122040,3
310,Walker Kessler,UTA,2965920,4878938,,,,,7844858,2
311,Shake Milton,LAL,2875000,3000000,3287406,,,,9162406,3
312,Olivier-Maxence Prosper,DAL,2870400,3007080,5259383,,,,5877480,3
313,David Roddy,ATL,2967212,,,,,,2847240,1
314,Torrey Craig,CHI,3625162,,,,,,2845342,1
315,Kyshawn George,WAS,2825520,2966760,3108000,5435892,,,5792280,4
316,AJ Johnson,WAS,2795294,3090480,3237120,5493394,,,5885774,4
317,Marcus Sasser,DET,2755080,2886720,5198983,,,,5641800,3
318,Dewayne Dedmon,DET,2748674,,,,,,2748674,1
319,MarJon Beauchamp,LAC,2733720,4781276,,,,,2733720,2
320,Trendon Watford,BKN,2726603,,,,,,2726603,1
321,Ben Sheppard,IND,2663880,2790720,5031669,,,,5454600,3
322,Keita Bates-Diop,MIN,2654644,,,,,,2654644,1
323,Blake Wesley,SAS,2624280,4726328,,,,,7350608,2
324,Dillon Jones,OKC,2622360,2753280,2884440,5200646,,,5375640,4
325,Nick Smith Jr.,CHA,2587200,2710680,4890067,,,,5297880,3
326,Brice Sensabaugh,UTA,2571480,2693760,4862237,,,,5265240,3
327,Ty Jerome,CLE,2560975,,,,,,2560975,1
328,Julian Strawther,DEN,2552520,2674200,4826931,,,,5226720,3
329,Terrence Shannon Jr.,MIN,2546640,2674080,2801640,5054159,,,5220720,4
330,Wendell Moore Jr.,DET,2537040,,,,,,2537040,1
331,Kobe Brown,LAC,2533920,2654880,4792059,,,,5188800,3
332,Ryan Dunn,PHX,2530800,2657760,2784240,5025553,,,5188560,4
333,Isaiah Collier,UTA,2512680,2638200,2763960,4988948,,,5150880,4
334,Baylor Scheierman,BOS,2494320,2619000,2744040,4952993,,,10191353,4
335,Paul Reed,DET,3913234,,,,,,3913234,1
336,Nikola Jović,MIA,2464200,4445417,,,,,6909617,2
337,Jaxson Hayes,LAL,2463946,,,,,,2463946,1
338,Cam Reddish,LAL,2463946,,,,,,2463946,1
339,Patrick Baldwin Jr.,SAS,2448840,,,,,,2448840,1
340,DaQuan Jeffries,CHA,2425404,2743776,3080918,,,,2425404,3
341,Peyton Watson,DEN,2413560,4356476,,,,,6770036,2
342,Russell Westbrook,UTA,5631296,3468960,,,,,2327525,2
343,Charlie Brown Jr.,CHA,2237692,,,,,,2237692,1
344,Xavier Tillman Sr.,BOS,2237691,2546675,,,,,4784366,2
345,Anthony Gill,WAS,2237691,2546675,,,,,2237691,2
346,James Wiseman,TOR,2237691,,,,,,2237691,1
347,Kevin Porter Jr.,MIL,3237691,2546675,,,,,2237691,2
348,Garrison Mathews,ATL,2230253,,,,,,2230253,1
349,JaVale McGee,DAL,2208856,2208856,2208856,2208856,,,8835424,4
350,Jeremiah Robinson-Earl,NOP,2196970,,,,,,2196970,1
351,Lindy Waters III,DET,2196970,,,,,,2196970,1
352,Dalano Banton,POR,2196970,,,,,,2019706,1
353,Sam Merrill,CLE,2164993,,,,,,2164993,1
354,Duane Washington Jr.,CHA,2162607,,,,,,2162607,1
355,Luka Garza,MIN,2162606,2349578,,,,,2162606,2
356,Keon Johnson,BKN,2162606,2349578,,,,,2162606,2
357,Neemias Queta,BOS,2162606,2349578,2667944,,,,2162606,3
358,Vit Krejci,ATL,2162606,2349578,2667944,3005085,,,2162606,4
359,Vince Williams Jr.,MEM,2120693,2301587,2489752,,,,4422280,3
360,Colby Jones,WAS,2120693,2221677,2406205,,,,2120693,3
361,Keon Ellis,SAC,2120693,2301587,,,,,2120693,2
362,A.J. Green,MIL,2120693,2301587,,,,,2120693,2
363,Sam Hauser,BOS,2092344,10044644,10848215,11651785,12455356,,47092344,5
364,JeriCHA Sims,MIL,2092344,,,,,,2092344,1
365,Jay Huff,MEM,2088033,2349578,2667944,3005085,,,4437611,4
366,Tyler Kolek,NYK,2087519,2191897,2296271,2486995,,,6575687,4
367,Scotty Pippen Jr.,MEM,2087519,2270735,2461462,2789215,,,4358254,4
368,Reggie Jackson,WAS,4033748,,,,,,2087519,1
369,Alex Len,WAS,2831348,,,,,,2087519,1
370,Mo Bamba,UTA,2087519,,,,,,2087519,1
371,Garrett Temple,TOR,2087519,,,,,,2087519,1
372,Sandro Mamukelashvili,SAS,2087519,,,,,,2087519,1
373,Charles Bassey,SAS,2087519,2500000,,,,,2087519,2
374,Jordan McLaughlin,SAS,2087519,,,,,,2087519,1
375,Doug McDermott,SAC,2087519,,,,,,2087519,1
376,Tyus Jones,PHX,2087519,,,,,,2087519,1
377,Bol Bol,PHX,2087519,,,,,,2087519,1
378,Monte Morris,PHX,2087519,,,,,,2087519,1
379,Mason Plumlee,PHX,2087519,,,,,,2087519,1
380,Damion Lee,PHX,2087519,,,,,,2087519,1
381,GuersCHAn Yabusele,PHI,2087519,,,,,,2087519,1
382,Kyle Lowry,PHI,2087519,,,,,,2087519,1
383,Daniel Theis,OKC,2087519,,,,,,2087519,1
384,Cameron Payne,NYK,2087519,,,,,,2087519,1
385,Delon Wright,NYK,2087519,,,,,,2087519,1
386,Javonte Green,NOP,2087519,,,,,,2087519,1
387,Joe Ingles,MIN,2087519,,,,,,2087519,1
388,Gary Trent Jr.,MIL,2087519,,,,,,2087519,1
389,Taurean Prince,MIL,2087519,,,,,,2087519,1
390,Alec Burks,MIA,2087519,,,,,,2087519,1
391,Markieff Morris,LAL,2087519,,,,,,2087519,1
392,Patty Mills,LAC,2087519,,,,,,2087519,1
393,James Johnson,IND,2087519,,,,,,2087519,1
394,Thomas Bryant,IND,2087519,,,,,,2087519,1
395,DeAndre Jordan,DEN,2087519,,,,,,2087519,1
396,Vlatko Čančar,DEN,2087519,,,,,,2087519,1
397,Spencer Dinwiddie,DAL,2087519,,,,,,2087519,1
398,Tristan Thompson,CLE,2087519,,,,,,2087519,1
399,Seth Curry,CHA,2087519,,,,,,2087519,1
400,Taj Gibson,CHA,2087519,,,,,,2087519,1
401,Talen Horton-Tucker,CHI,2087519,,,,,,2087519,1
402,Luke Kornet,BOS,2087519,,,,,,2087519,1
403,Duop Reath,POR,2048780,2221677,,,,,2048780,2
404,Andrew Nembhard,IND,2019699,18102000,19550160,20998320,,,60670179,4
405,Jaden Hardy,DAL,2019699,6000000,6000000,6000000,,,14019699,4
406,Jabari Walker,POR,2019699,,,,,,2019699,1
407,Caleb Houstan,ORL,2019699,2187699,,,,,2019699,2
408,Jaylin Williams,OKC,2019699,2187451,,,,,2019699,2
409,Josh Minott,MIN,2019699,2187451,,,,,2019699,2
410,Kennedy Chandler,MEM,2019699,,,,,,2019699,1
411,Jose Alvarado,NOP,1988598,4500000,4500000,,,,6488598,3
412,Reggie Jackson,CHA,4033748,,,,,,1946229,1
413,Ricky Council IV,PHI,1891857,2221677,2406205,,,,4113534,3
414,GG Jackson II,MEM,1891857,2221677,2406205,,,,4113534,3
415,Jalen Pickett,DEN,1891857,2221677,2406205,,,,4113534,3
416,Hunter Tyson,DEN,1891857,2221677,2406205,,,,4113534,3
417,Julian Phillips,CHI,1891857,2221677,2406205,,,,4113534,3
418,Jordan Walsh,BOS,1891857,2221677,2406205,,,,2091857,3
419,Sidy Cissoko,WAS,1891857,,,,,,1891857,1
420,Toumani Camara,POR,1891857,2221677,2406205,,,,1891857,3
421,Rayan Rupert,POR,1891857,2221677,,,,,1891857,2
422,Leonard Miller,MIN,1891857,2221677,2406205,,,,1891857,3
423,Chris Livingston,MIL,1891857,2221677,2406205,,,,1891857,3
424,Andre Jackson Jr.,MIL,1891857,2221677,2406205,,,,1891857,3
425,Gui Santos,GSW,1891857,2221677,,,,,1891857,2
426,Trayce Jackson-Davis,GSW,1891857,2221677,2406205,,,,1891857,3
427,Craig Porter Jr.,CLE,1891857,2221677,2406205,,,,1891857,3
428,Jalen Wilson,BKN,1891857,2221677,,,,,1891857,2
429,Maxwell Lewis,BKN,1891857,2221677,2406205,,,,1891857,3
430,Mouhamed Gueye,ATL,1891857,2221677,2406205,,,,1891857,3
431,Jonathan Mogbo,TOR,1862265,1955377,2296271,,,,3817642,3
432,Jamal Shead,TOR,1862265,1955377,2296271,,,,3817642,3
433,Johnny Furphy,IND,1850842,1955377,2296271,2486995,,,6102490,4
434,Pacome Dadiet,NYK,1808080,2847600,2983680,5373608,,,4655680,4
435,Jae Crowder,SAC,1655619,,,,,,1655619,1
436,Paul Reed,DET,3913234,,,,,,3913234,1
437,Karlo Matković,NOP,1407153,1955377,2296271,,,,3362530,3
438,Landry Shamet,NYK,1343690,,,,,,1343690,1
439,Eric Bledsoe,POR,1300000,,,,,,1300000,1
440,Bobi Klintman,DET,1257153,1955377,2296271,2486995,,,3212530,4
441,Tyler Smith,MIL,1157153,1955377,2296271,2486995,,,5408801,4
442,Oso Ighodaro,PHX,1157153,1955377,2296271,2486995,,,3112530,4
443,Jaylen Wells,MEM,1157153,1955377,2296271,2486995,,,3112530,4
444,Bronny James,LAL,1157153,1955377,2296271,2486995,,,3112530,4
445,Cam Christie,LAC,1157153,1955377,2296271,2486995,,,3112530,4
446,Adem Bona,PHI,1157153,1955377,2296271,2486995,,,1157153,4
447,Antonio Reeves,NOP,1157153,1955377,2296271,,,,1157153,3
448,Pelle Larsson,MIA,1157153,1955377,2296271,,,,1157153,3
449,Bruno Fernando,TOR,1115128,,,,,,1115128,1
450,Ariel Hukporti,NYK,1064049,1955377,,,,,1064049,2
451,PJ Dozier,MIN,1051255,,,,,,1051255,1
452,Jamison Battle,TOR,1000000,1955377,2296271,,,,1000000,3
453,Kevin Porter Jr.,OKC,3237691,2546675,,,,,1000000,2
454,Joshua Primo,LAC,1000000,,,,,,1000000,1
455,Orlando Robinson,SAC,1199723,,,,,,959779,1
456,Moussa Diabaté,CHA,957763,2270735,2461462,,,,957763,3
457,Torrey Craig,BOS,3625162,,,,,,779820,1
458,Ben Simmons,LAC,40011909,,,,,,755826,1
459,Jared Butler,PHI,745726,2349578,,,,,745726,2
460,Alex Len,LAL,2831348,,,,,,743829,1
461,Markelle Fultz,SAC,731831,,,,,,731831,1
462,Keshad Johnson,MIA,724883,1955377,,,,,724883,2
463,E.J. Liddell,PHX,706898,706898,706898,,,,2120694,3
464,Nik Stauskas,IND,702310,,,,,,702310,1
465,Matt Ryan,NYK,621439,,,,,,621439,1
466,Ryan Rollins,WAS,600000,,,,,,600000,1
467,Juwan Morgan,IND,576229,,,,,,576229,1
468,Malik Fitts,IND,555216,,,,,,555216,1
469,Mamadi Diakite,MEM,464050,464050,464050,,,,1392150,3
470,Quinten Post,GSW,438920,1955377,,,,,438920,2
471,Justin Edwards,PHI,425619,1955377,,,,,425619,2
472,Ricky Rubio,CLE,424672,424672,424672,,,,1274016,3
473,Branden Carlson,OKC,496519,,,,,,496519,1
474,Moses Brown,IND,306660,,,,,,306660,1
475,Jaylen Nowell,NOP,446743,,,,,,278782,1
476,Elfrid Payton,NOP,514753,,,,,,274809,1
477,Didi Louzada,POR,268032,268032,268032,268032,268032,,1340160,5
478,AJ Griffin,HOU,250000,,,,,,250000,1
479,Jaylen Nowell,WAS,446743,,,,,,167961,1
480,Malevy Leons,OKC,126356,,,,,,126356,1
481,Orlando Robinson,TOR,1199723,,,,,,239944,1
482,Orlando Robinson,TOR,1199723,,,,,,239944,1
483,Elfrid Payton,CHA,514753,,,,,,239944,1
484,Elfrid Payton,CHA,514753,,,,,,239944,1
485,Eugene Omoruyi,TOR,119972,,,,,,119972,1
486,Daishen Nix,SAC,119972,,,,,,119972,1
487,David Roddy,PHI,2967212,,,,,,119972,1
488,Chuma Okeke,PHI,119972,,,,,,119972,1
489,Jahlil Okafor,IND,119972,,,,,,119972,1
490,Javon Freeman-Liberty,TOR,100000,,,,,,100000,1
491,Erik Stevenson,WAS,66503,,,,,,66503,1
492,Branden Carlson,OKC,496519,,,,,,496519,1
493,Branden Carlson,OKC,496519,,,,,,496519,1
494,Javante McCoy,DET,47265,,,,,,47265,1
